date,OT
2025-09-08 21:00:00,3921.0
2025-09-08 22:00:00,3921.0
2025-09-08 23:00:00,3884.0
2025-09-09 00:00:00,3902.0
2025-09-09 01:00:00,3865.0
2025-09-09 02:00:00,3865.0
2025-09-09 03:00:00,3921.0
2025-09-09 04:00:00,3827.0
2025-09-09 05:00:00,3809.0
2025-09-09 06:00:00,3846.0
2025-09-09 07:00:00,3865.0
2025-09-09 08:00:00,3771.0
2025-09-09 09:00:00,3752.0
2025-09-09 10:00:00,3884.0
2025-09-09 11:00:00,3921.0
2025-09-09 12:00:00,3884.0
2025-09-09 13:00:00,3865.0
2025-09-09 14:00:00,3865.0
2025-09-09 15:00:00,3884.0
2025-09-09 16:00:00,3846.0
2025-09-09 17:00:00,3790.0
2025-09-09 18:00:00,3809.0
2025-09-09 19:00:00,3790.0
2025-09-09 20:00:00,3846.0
2025-09-09 21:00:00,3846.0
2025-09-09 22:00:00,3827.0
2025-09-09 23:00:00,3846.0
2025-09-10 00:00:00,3846.0
2025-09-10 01:00:00,3809.0
2025-09-10 02:00:00,3846.0
2025-09-10 03:00:00,3846.0
2025-09-10 04:00:00,3790.0
2025-09-10 05:00:00,3790.0
2025-09-10 06:00:00,3809.0
2025-09-10 07:00:00,3696.0
2025-09-10 08:00:00,3715.0
2025-09-10 09:00:00,3846.0
2025-09-10 10:00:00,3884.0
2025-09-10 11:00:00,3865.0
2025-09-10 12:00:00,3884.0
2025-09-10 13:00:00,3790.0
2025-09-10 14:00:00,3790.0
2025-09-10 15:00:00,3846.0
2025-09-10 16:00:00,3884.0
2025-09-10 17:00:00,3865.0
2025-09-10 18:00:00,3902.0
2025-09-10 19:00:00,3827.0
2025-09-10 20:00:00,3902.0
2025-09-10 21:00:00,3865.0
2025-09-10 22:00:00,3865.0
2025-09-10 23:00:00,3846.0
2025-09-11 00:00:00,3921.0
2025-09-11 01:00:00,3884.0
2025-09-11 02:00:00,3809.0
2025-09-11 03:00:00,3884.0
2025-09-11 04:00:00,3902.0
2025-09-11 05:00:00,3846.0
2025-09-11 06:00:00,3771.0
2025-09-11 07:00:00,3846.0
2025-09-11 08:00:00,3846.0
2025-09-11 09:00:00,3771.0
2025-09-11 10:00:00,3790.0
2025-09-11 11:00:00,3846.0
2025-09-11 12:00:00,3790.0
2025-09-11 13:00:00,3846.0
2025-09-11 14:00:00,3921.0
2025-09-11 15:00:00,3884.0
2025-09-11 16:00:00,3921.0
2025-09-11 17:00:00,3921.0
2025-09-11 18:00:00,3921.0
2025-09-11 19:00:00,3921.0
2025-09-11 20:00:00,3884.0
2025-09-11 21:00:00,3884.0
2025-09-11 22:00:00,3921.0
2025-09-11 23:00:00,3846.0
2025-09-12 00:00:00,3921.0
2025-09-12 01:00:00,3846.0
2025-09-12 02:00:00,3846.0
2025-09-12 03:00:00,3809.0
2025-09-12 04:00:00,3809.0
2025-09-12 05:00:00,3865.0
2025-09-12 06:00:00,3809.0
2025-09-12 07:00:00,3921.0
2025-09-12 08:00:00,3884.0
2025-09-12 09:00:00,3846.0
2025-09-12 10:00:00,3846.0
2025-09-12 11:00:00,3771.0
2025-09-12 12:00:00,3846.0
2025-09-12 13:00:00,3846.0
2025-09-12 14:00:00,3846.0
2025-09-12 15:00:00,3884.0
2025-09-12 16:00:00,3771.0
2025-09-12 17:00:00,3771.0
2025-09-12 18:00:00,3846.0
2025-09-12 19:00:00,3771.0
2025-09-12 20:00:00,3771.0
2025-09-12 21:00:00,3846.0
2025-09-12 22:00:00,3771.0
2025-09-12 23:00:00,3771.0
2025-09-13 00:00:00,3790.0
2025-09-13 01:00:00,3846.0
2025-09-13 02:00:00,3771.0
2025-09-13 03:00:00,3771.0
2025-09-13 04:00:00,3809.0
2025-09-13 05:00:00,3771.0
2025-09-13 06:00:00,3827.0
2025-09-13 07:00:00,3809.0
2025-09-13 08:00:00,3715.0
2025-09-13 09:00:00,3790.0
2025-09-13 10:00:00,3846.0
2025-09-13 11:00:00,3809.0
2025-09-13 12:00:00,3771.0
2025-09-13 13:00:00,3809.0
2025-09-13 14:00:00,3809.0
2025-09-13 15:00:00,3790.0
2025-09-13 16:00:00,3771.0
2025-09-13 17:00:00,3771.0
2025-09-13 18:00:00,3696.0
2025-09-13 19:00:00,3696.0
2025-09-13 20:00:00,3771.0
2025-09-13 21:00:00,3734.0
2025-09-13 22:00:00,3771.0
2025-09-13 23:00:00,3734.0
2025-09-14 00:00:00,3715.0
2025-09-14 01:00:00,3771.0
2025-09-14 02:00:00,3752.0
2025-09-14 03:00:00,3734.0
2025-09-14 04:00:00,3752.0
2025-09-14 05:00:00,3696.0
2025-09-14 06:00:00,3621.0
2025-09-14 07:00:00,3752.0
2025-09-14 08:00:00,3715.0
2025-09-14 09:00:00,3771.0
2025-09-14 10:00:00,3734.0
2025-09-14 11:00:00,3771.0
2025-09-14 12:00:00,3696.0
2025-09-14 13:00:00,3734.0
2025-09-14 14:00:00,3771.0
2025-09-14 15:00:00,3752.0
2025-09-14 16:00:00,3734.0
2025-09-14 17:00:00,3771.0
2025-09-14 18:00:00,3715.0
2025-09-14 19:00:00,3640.0
2025-09-14 20:00:00,3696.0
2025-09-14 21:00:00,3659.0
2025-09-14 22:00:00,3696.0
2025-09-14 23:00:00,3640.0
2025-09-15 00:00:00,3752.0
2025-09-15 01:00:00,3752.0
2025-09-15 02:00:00,3752.0
2025-09-15 03:00:00,3659.0
2025-09-15 04:00:00,3696.0
2025-09-15 05:00:00,3734.0
2025-09-15 06:00:00,3640.0
2025-09-15 07:00:00,3734.0
2025-09-15 08:00:00,3771.0
2025-09-15 09:00:00,3752.0
2025-09-15 10:00:00,3846.0
2025-09-15 11:00:00,3771.0
2025-09-15 12:00:00,3771.0
2025-09-15 13:00:00,3827.0
2025-09-15 14:00:00,3771.0
2025-09-15 15:00:00,3734.0
2025-09-15 16:00:00,3809.0
2025-09-15 17:00:00,3734.0
2025-09-15 18:00:00,3771.0
2025-09-15 19:00:00,3771.0
2025-09-15 20:00:00,3752.0
2025-09-15 21:00:00,3715.0
2025-09-15 22:00:00,3771.0
2025-09-15 23:00:00,3827.0
2025-09-16 00:00:00,3827.0
2025-09-16 01:00:00,3771.0
2025-09-16 02:00:00,3827.0
2025-09-16 03:00:00,3846.0
2025-09-16 04:00:00,3734.0
2025-09-16 05:00:00,3827.0
2025-09-16 06:00:00,3902.0
2025-09-16 07:00:00,3865.0
2025-09-16 08:00:00,3809.0
2025-09-16 09:00:00,3827.0
2025-09-16 10:00:00,3827.0
2025-09-16 11:00:00,3790.0
2025-09-16 12:00:00,3884.0
2025-09-16 13:00:00,3884.0
2025-09-16 14:00:00,3809.0
2025-09-16 15:00:00,3865.0
2025-09-16 16:00:00,3809.0
2025-09-16 17:00:00,3846.0
2025-09-16 18:00:00,3809.0
2025-09-16 19:00:00,3827.0
2025-09-16 20:00:00,3865.0
2025-09-16 21:00:00,3865.0
2025-09-16 22:00:00,3921.0
2025-09-16 23:00:00,3846.0
2025-09-17 00:00:00,3884.0
2025-09-17 01:00:00,3996.0
2025-09-17 02:00:00,3921.0
2025-09-17 03:00:00,3921.0
2025-09-17 04:00:00,3921.0
2025-09-17 05:00:00,3846.0
2025-09-17 06:00:00,3771.0
2025-09-17 07:00:00,3715.0
2025-09-17 08:00:00,3602.0
2025-09-17 09:00:00,3546.0
2025-09-17 10:00:00,3471.0
2025-09-17 11:00:00,3452.0
2025-09-17 12:00:00,3396.0
2025-09-17 13:00:00,3321.0
2025-09-17 14:00:00,3246.0
2025-09-17 15:00:00,3302.0
2025-09-17 16:00:00,3190.0
2025-09-17 17:00:00,3171.0
2025-09-17 18:00:00,3171.0
2025-09-17 19:00:00,3096.0
2025-09-17 20:00:00,3096.0
2025-09-17 21:00:00,3096.0
2025-09-17 22:00:00,3021.0
2025-09-17 23:00:00,2984.0
2025-09-18 00:00:00,3096.0
2025-09-18 01:00:00,3077.0
2025-09-18 02:00:00,2946.0
2025-09-18 03:00:00,2965.0
2025-09-18 04:00:00,2946.0
2025-09-18 05:00:00,3002.0
2025-09-18 06:00:00,2946.0
2025-09-18 07:00:00,3021.0
2025-09-18 08:00:00,2984.0
2025-09-18 09:00:00,3002.0
2025-09-18 10:00:00,2984.0
2025-09-18 11:00:00,2909.0
2025-09-18 12:00:00,3021.0
2025-09-18 13:00:00,2965.0
2025-09-18 14:00:00,2927.0
2025-09-18 15:00:00,2927.0
2025-09-18 16:00:00,2946.0
2025-09-18 17:00:00,2871.0
2025-09-18 18:00:00,2927.0
2025-09-18 19:00:00,2927.0
2025-09-18 20:00:00,2927.0
2025-09-18 21:00:00,2871.0
2025-09-18 22:00:00,2896.0
2025-09-18 23:00:00,2871.0
2025-09-19 00:00:00,2946.0
2025-09-19 01:00:00,2909.0
2025-09-19 02:00:00,2871.0
2025-09-19 03:00:00,2909.0
2025-09-19 04:00:00,2909.0
2025-09-19 05:00:00,2927.0
2025-09-19 06:00:00,2927.0
2025-09-19 07:00:00,2871.0
2025-09-19 08:00:00,2927.0
2025-09-19 09:00:00,2834.0
2025-09-19 10:00:00,2927.0
2025-09-19 11:00:00,2871.0
2025-09-19 12:00:00,2871.0
2025-09-19 13:00:00,2871.0
2025-09-19 14:00:00,2871.0
2025-09-19 15:00:00,2871.0
2025-09-19 16:00:00,2871.0
2025-09-19 17:00:00,2815.0
2025-09-19 18:00:00,2871.0
2025-09-19 19:00:00,2871.0
2025-09-19 20:00:00,2796.0
2025-09-19 21:00:00,2871.0
2025-09-19 22:00:00,2871.0
2025-09-19 23:00:00,2815.0
2025-09-20 00:00:00,2871.0
2025-09-20 01:00:00,2871.0
2025-09-20 02:00:00,2871.0
2025-09-20 03:00:00,2871.0
2025-09-20 04:00:00,2852.0
2025-09-20 05:00:00,2871.0
2025-09-20 06:00:00,2852.0
2025-09-20 07:00:00,2852.0
2025-09-20 08:00:00,2871.0
2025-09-20 09:00:00,2815.0
2025-09-20 10:00:00,2815.0
2025-09-20 11:00:00,2834.0
2025-09-20 12:00:00,2871.0
2025-09-20 13:00:00,2871.0
2025-09-20 14:00:00,2815.0
2025-09-20 15:00:00,2871.0
2025-09-20 16:00:00,2852.0
2025-09-20 17:00:00,2871.0
2025-09-20 18:00:00,2871.0
2025-09-20 19:00:00,2815.0
2025-09-20 20:00:00,2815.0
2025-09-20 21:00:00,2834.0
2025-09-20 22:00:00,2815.0
2025-09-20 23:00:00,2796.0
2025-09-21 00:00:00,2796.0
2025-09-21 01:00:00,2834.0
2025-09-21 02:00:00,2871.0
2025-09-21 03:00:00,2871.0
2025-09-21 04:00:00,2834.0
2025-09-21 05:00:00,2852.0
2025-09-21 06:00:00,2871.0
2025-09-21 07:00:00,2871.0
2025-09-21 08:00:00,2852.0
2025-09-21 09:00:00,2852.0
2025-09-21 10:00:00,2852.0
2025-09-21 11:00:00,2834.0
2025-09-21 12:00:00,2871.0
2025-09-21 13:00:00,2871.0
2025-09-21 14:00:00,2871.0
2025-09-21 15:00:00,2871.0
2025-09-21 16:00:00,2871.0
2025-09-21 17:00:00,2871.0
2025-09-21 18:00:00,2815.0
2025-09-21 19:00:00,2871.0
2025-09-21 20:00:00,2834.0
2025-09-21 21:00:00,2871.0
2025-09-21 22:00:00,2852.0
2025-09-21 23:00:00,2871.0
2025-09-22 00:00:00,2871.0
2025-09-22 01:00:00,2815.0
2025-09-22 02:00:00,2796.0
2025-09-22 03:00:00,2871.0
2025-09-22 04:00:00,2871.0
2025-09-22 05:00:00,2871.0
2025-09-22 06:00:00,2815.0
2025-09-22 07:00:00,2871.0
2025-09-22 08:00:00,2852.0
2025-09-22 09:00:00,2871.0
2025-09-22 10:00:00,2871.0
2025-09-22 11:00:00,2871.0
2025-09-22 12:00:00,2871.0
2025-09-22 13:00:00,2871.0
2025-09-22 14:00:00,2871.0
2025-09-22 15:00:00,2871.0
2025-09-22 16:00:00,2796.0
2025-09-22 17:00:00,2871.0
2025-09-22 18:00:00,2721.0
2025-09-22 19:00:00,2852.0
2025-09-22 20:00:00,2871.0
2025-09-22 21:00:00,2871.0
2025-09-22 22:00:00,2871.0
2025-09-22 23:00:00,2871.0
2025-09-23 00:00:00,2871.0
2025-09-23 01:00:00,2871.0
2025-09-23 02:00:00,2852.0
2025-09-23 03:00:00,2796.0
2025-09-23 04:00:00,2852.0
2025-09-23 05:00:00,2796.0
2025-09-23 06:00:00,2871.0
2025-09-23 07:00:00,2852.0
2025-09-23 08:00:00,2871.0
2025-09-23 09:00:00,2871.0
2025-09-23 10:00:00,2871.0
2025-09-23 11:00:00,2871.0
2025-09-23 12:00:00,2871.0
2025-09-23 13:00:00,2871.0
2025-09-23 14:00:00,2834.0
2025-09-23 15:00:00,2871.0
2025-09-23 16:00:00,2871.0
2025-09-23 17:00:00,2871.0
2025-09-23 18:00:00,2796.0
2025-09-23 19:00:00,2871.0
2025-09-23 20:00:00,2777.0
2025-09-23 21:00:00,2759.0
2025-09-23 22:00:00,2770.0
2025-09-23 23:00:00,2781.0
2025-09-24 00:00:00,2781.0
2025-09-24 01:00:00,2771.0
2025-09-24 02:00:00,2756.0
2025-09-24 03:00:00,2793.0
2025-09-24 04:00:00,2794.0
2025-09-24 05:00:00,2789.0
2025-09-24 06:00:00,2788.0
2025-09-24 07:00:00,2790.0
2025-09-24 08:00:00,2791.0
2025-09-24 09:00:00,2780.0
2025-09-24 10:00:00,2786.0
2025-09-24 11:00:00,2784.0
2025-09-24 12:00:00,2781.0
2025-09-24 13:00:00,2787.0
2025-09-24 14:00:00,2786.0
2025-09-24 15:00:00,2785.0
2025-09-24 16:00:00,2777.0
2025-09-24 17:00:00,2785.0
2025-09-24 18:00:00,2788.0
2025-09-24 19:00:00,2793.0
2025-09-24 20:00:00,2783.0
2025-09-24 21:00:00,2778.0
2025-09-24 22:00:00,2776.0
2025-09-24 23:00:00,2787.0
2025-09-25 00:00:00,2784.0
2025-09-25 01:00:00,2783.0
2025-09-25 02:00:00,2775.0
2025-09-25 03:00:00,2797.0
2025-09-25 04:00:00,2802.0
2025-09-25 05:00:00,2794.0
2025-09-25 06:00:00,2792.0
2025-09-25 07:00:00,2792.0
2025-09-25 08:00:00,2791.0
2025-09-25 09:00:00,2795.0
2025-09-25 10:00:00,2793.0
2025-09-25 11:00:00,2798.0
2025-09-25 12:00:00,2793.0
2025-09-25 13:00:00,2794.0
2025-09-25 14:00:00,2793.0
2025-09-25 15:00:00,2792.0
2025-09-25 16:00:00,2788.0
2025-09-25 17:00:00,2791.0
2025-09-25 18:00:00,2797.0
2025-09-25 19:00:00,2796.0
2025-09-25 20:00:00,2789.0
2025-09-25 21:00:00,2788.0
2025-09-25 22:00:00,2789.0
2025-09-25 23:00:00,2871.0
2025-09-26 00:00:00,2797.0
2025-09-26 01:00:00,2794.0
2025-09-26 02:00:00,2786.0
2025-09-26 03:00:00,2795.0
2025-09-26 04:00:00,2797.0
2025-09-26 05:00:00,2792.0
2025-09-26 06:00:00,2794.0
2025-09-26 07:00:00,2789.0
2025-09-26 08:00:00,2792.0
2025-09-26 09:00:00,2776.0
2025-09-26 10:00:00,2852.0
2025-09-26 11:00:00,2774.0
2025-09-26 12:00:00,2764.0
2025-09-26 13:00:00,2787.0
2025-09-26 14:00:00,2782.0
2025-09-26 15:00:00,2780.0
2025-09-26 16:00:00,2771.0
2025-09-26 17:00:00,2871.0
2025-09-26 18:00:00,2788.0
2025-09-26 19:00:00,2786.0
2025-09-26 20:00:00,2779.0
2025-09-26 21:00:00,2759.0
2025-09-26 22:00:00,2778.0
2025-09-26 23:00:00,2788.0
2025-09-27 00:00:00,2788.0
2025-09-27 01:00:00,2789.0
2025-09-27 02:00:00,2784.0
2025-09-27 03:00:00,2796.0
2025-09-27 04:00:00,2795.0
2025-09-27 05:00:00,2796.0
2025-09-27 06:00:00,2783.0
2025-09-27 07:00:00,2784.0
2025-09-27 08:00:00,2780.0
2025-09-27 09:00:00,2771.0
2025-09-27 10:00:00,2770.0
2025-09-27 11:00:00,2776.0
2025-09-27 12:00:00,2871.0
2025-09-27 13:00:00,2790.0
2025-09-27 14:00:00,2786.0
2025-09-27 15:00:00,2788.0
2025-09-27 16:00:00,2796.0
2025-09-27 17:00:00,2796.0
2025-09-27 18:00:00,2801.0
2025-09-27 19:00:00,2799.0
2025-09-27 20:00:00,2796.0
2025-09-27 21:00:00,2787.0
2025-09-27 22:00:00,2791.0
2025-09-27 23:00:00,2799.0
2025-09-28 00:00:00,2798.0
2025-09-28 01:00:00,2797.0
2025-09-28 02:00:00,2789.0
2025-09-28 03:00:00,2804.0
2025-09-28 04:00:00,2806.0
2025-09-28 05:00:00,2805.0
2025-09-28 06:00:00,2804.0
2025-09-28 07:00:00,2797.0
2025-09-28 08:00:00,2801.0
2025-09-28 09:00:00,2798.0
2025-09-28 10:00:00,2797.0
2025-09-28 11:00:00,2785.0
2025-09-28 12:00:00,2800.0
2025-09-28 13:00:00,2799.0
2025-09-28 14:00:00,2801.0
2025-09-28 15:00:00,2804.0
2025-09-28 16:00:00,2804.0
2025-09-28 17:00:00,2807.0
2025-09-28 18:00:00,2811.0
2025-09-28 19:00:00,2814.0
2025-09-28 20:00:00,2814.0
2025-09-28 21:00:00,2813.0
2025-09-28 22:00:00,2858.0
2025-09-28 23:00:00,2945.0
2025-09-29 00:00:00,2942.0
2025-09-29 01:00:00,3021.0
2025-09-29 02:00:00,2882.0
2025-09-29 03:00:00,2915.0
2025-09-29 04:00:00,2936.0
2025-09-29 05:00:00,2917.0
2025-09-29 06:00:00,2921.0
2025-09-29 07:00:00,2921.0
2025-09-29 08:00:00,2915.0
2025-09-29 09:00:00,2908.0
2025-09-29 10:00:00,2910.0
2025-09-29 11:00:00,2919.0
2025-09-29 12:00:00,2934.0
2025-09-29 13:00:00,2931.0
2025-09-29 14:00:00,2922.0
2025-09-29 15:00:00,2934.0
2025-09-29 16:00:00,2925.0
2025-09-29 17:00:00,2940.0
2025-09-29 18:00:00,2943.0
2025-09-29 19:00:00,2946.0
2025-09-29 20:00:00,2932.0
2025-09-29 21:00:00,2923.0
2025-09-29 22:00:00,2931.0
2025-09-29 23:00:00,2942.0
2025-09-30 00:00:00,2943.0
2025-09-30 01:00:00,2936.0
2025-09-30 02:00:00,2904.0
2025-09-30 03:00:00,2939.0
2025-09-30 04:00:00,2940.0
2025-09-30 05:00:00,2935.0
2025-09-30 06:00:00,2934.0
2025-09-30 07:00:00,2924.0
2025-09-30 08:00:00,2930.0
2025-09-30 09:00:00,2914.0
2025-09-30 10:00:00,2914.0
2025-09-30 11:00:00,2911.0
2025-09-30 12:00:00,2921.0
2025-09-30 13:00:00,2917.0
2025-09-30 14:00:00,2921.0
2025-09-30 15:00:00,2921.0
2025-09-30 16:00:00,2927.0
2025-09-30 17:00:00,2930.0
2025-09-30 18:00:00,2890.0
2025-09-30 19:00:00,2926.0
2025-09-30 20:00:00,2908.0
2025-09-30 21:00:00,2880.0
2025-09-30 22:00:00,2878.0
2025-09-30 23:00:00,2881.0
2025-10-01 00:00:00,2890.0
2025-10-01 01:00:00,2898.0
2025-10-01 02:00:00,2878.0
2025-10-01 03:00:00,2920.0
2025-10-01 04:00:00,2938.0
2025-10-01 05:00:00,2935.0
2025-10-01 06:00:00,2933.0
2025-10-01 07:00:00,2926.0
2025-10-01 08:00:00,2919.0
2025-10-01 09:00:00,2902.0
2025-10-01 10:00:00,2892.0
2025-10-01 11:00:00,2876.0
2025-10-01 12:00:00,2875.0
2025-10-01 13:00:00,2890.0
2025-10-01 14:00:00,2872.0
2025-10-01 15:00:00,2871.0
2025-10-01 16:00:00,2876.0
2025-10-01 17:00:00,2877.0
2025-10-01 18:00:00,2879.0
2025-10-01 19:00:00,2876.0
2025-10-01 20:00:00,2864.0
2025-10-01 21:00:00,2855.0
2025-10-01 22:00:00,2861.0
2025-10-01 23:00:00,2869.0
2025-10-02 00:00:00,2946.0
2025-10-02 01:00:00,2864.0
2025-10-02 02:00:00,2853.0
2025-10-02 03:00:00,2872.0
2025-10-02 04:00:00,2874.0
2025-10-02 05:00:00,2872.0
2025-10-02 06:00:00,2946.0
2025-10-02 07:00:00,2866.0
2025-10-02 08:00:00,2867.0
2025-10-02 09:00:00,2865.0
2025-10-02 10:00:00,2857.0
2025-10-02 11:00:00,2858.0
2025-10-02 12:00:00,2890.0
2025-10-02 13:00:00,2861.0
2025-10-02 14:00:00,2861.0
2025-10-02 15:00:00,2862.0
2025-10-02 16:00:00,2873.0
2025-10-02 17:00:00,2875.0
2025-10-02 18:00:00,2875.0
2025-10-02 19:00:00,2873.0
2025-10-02 20:00:00,2867.0
2025-10-02 21:00:00,2859.0
2025-10-02 22:00:00,2863.0
2025-10-02 23:00:00,2869.0
2025-10-03 00:00:00,2870.0
2025-10-03 01:00:00,2868.0
2025-10-03 02:00:00,2865.0
2025-10-03 03:00:00,2870.0
2025-10-03 04:00:00,2875.0
2025-10-03 05:00:00,2874.0
2025-10-03 06:00:00,2874.0
2025-10-03 07:00:00,2863.0
2025-10-03 08:00:00,2871.0
2025-10-03 09:00:00,2866.0
2025-10-03 10:00:00,2862.0
2025-10-03 11:00:00,2859.0
2025-10-03 12:00:00,2863.0
2025-10-03 13:00:00,2864.0
2025-10-03 14:00:00,2860.0
2025-10-03 15:00:00,2864.0
2025-10-03 16:00:00,2873.0
2025-10-03 17:00:00,2875.0
2025-10-03 18:00:00,2878.0
2025-10-03 19:00:00,2877.0
2025-10-03 20:00:00,2867.0
2025-10-03 21:00:00,2866.0
2025-10-03 22:00:00,2869.0
2025-10-03 23:00:00,2873.0
2025-10-04 00:00:00,2876.0
2025-10-04 01:00:00,2874.0
2025-10-04 02:00:00,2869.0
2025-10-04 03:00:00,2883.0
2025-10-04 04:00:00,2932.0
2025-10-04 05:00:00,2945.0
2025-10-04 06:00:00,2965.0
2025-10-04 07:00:00,2990.0
2025-10-04 08:00:00,2995.0
2025-10-04 09:00:00,2967.0
2025-10-04 10:00:00,2940.0
2025-10-04 11:00:00,2914.0
2025-10-04 12:00:00,2927.0
2025-10-04 13:00:00,2936.0
2025-10-04 14:00:00,2914.0
2025-10-04 15:00:00,2916.0
2025-10-04 16:00:00,2942.0
2025-10-04 17:00:00,2947.0
2025-10-04 18:00:00,2946.0
2025-10-04 19:00:00,2945.0
2025-10-04 20:00:00,2935.0
2025-10-04 21:00:00,2913.0
2025-10-04 22:00:00,2927.0
2025-10-04 23:00:00,2941.0
2025-10-05 00:00:00,2944.0
2025-10-05 01:00:00,2939.0
2025-10-05 02:00:00,2927.0
2025-10-05 03:00:00,2953.0
2025-10-05 04:00:00,2950.0
2025-10-05 05:00:00,2947.0
2025-10-05 06:00:00,2944.0
2025-10-05 07:00:00,2941.0
2025-10-05 08:00:00,2939.0
2025-10-05 09:00:00,2938.0
2025-10-05 10:00:00,2930.0
2025-10-05 11:00:00,2933.0
2025-10-05 12:00:00,2934.0
2025-10-05 13:00:00,2937.0
2025-10-05 14:00:00,2926.0
2025-10-05 15:00:00,2933.0
2025-10-05 16:00:00,2947.0
2025-10-05 17:00:00,2950.0
2025-10-05 18:00:00,2951.0
2025-10-05 19:00:00,2949.0
2025-10-05 20:00:00,2939.0
2025-10-05 21:00:00,2931.0
2025-10-05 22:00:00,2938.0
2025-10-05 23:00:00,2946.0
2025-10-06 00:00:00,2950.0
2025-10-06 01:00:00,2945.0
2025-10-06 02:00:00,2941.0
2025-10-06 03:00:00,2953.0
2025-10-06 04:00:00,2955.0
2025-10-06 05:00:00,2968.0
2025-10-06 06:00:00,3078.0
2025-10-06 07:00:00,3162.0
2025-10-06 08:00:00,3155.0
2025-10-06 09:00:00,3128.0
2025-10-06 10:00:00,3077.0
2025-10-06 11:00:00,3027.0
2025-10-06 12:00:00,3054.0
2025-10-06 13:00:00,3026.0
2025-10-06 14:00:00,2971.0
2025-10-06 15:00:00,2946.0
2025-10-06 16:00:00,2968.0
2025-10-06 17:00:00,3065.0
2025-10-06 18:00:00,3114.0
2025-10-06 19:00:00,3162.0
2025-10-06 20:00:00,3093.0
2025-10-06 21:00:00,3008.0
2025-10-06 22:00:00,3016.0
2025-10-06 23:00:00,3020.0
2025-10-07 00:00:00,3024.0
2025-10-07 01:00:00,3023.0
2025-10-07 02:00:00,3076.0
2025-10-07 03:00:00,3096.0
2025-10-07 04:00:00,3116.0
2025-10-07 05:00:00,3163.0
2025-10-07 06:00:00,3148.0
2025-10-07 07:00:00,3146.0
2025-10-07 08:00:00,3148.0
2025-10-07 09:00:00,3125.0
2025-10-07 10:00:00,3093.0
2025-10-07 11:00:00,3089.0
2025-10-07 12:00:00,3086.0
2025-10-07 13:00:00,3088.0
2025-10-07 14:00:00,3086.0
2025-10-07 15:00:00,3082.0
2025-10-07 16:00:00,3092.0
2025-10-07 17:00:00,3097.0
2025-10-07 18:00:00,3109.0
2025-10-07 19:00:00,3164.0
2025-10-07 20:00:00,3155.0
2025-10-07 21:00:00,3089.0
2025-10-07 22:00:00,3092.0
2025-10-07 23:00:00,3095.0
2025-10-08 00:00:00,3098.0
2025-10-08 01:00:00,3120.0
2025-10-08 02:00:00,3146.0
2025-10-08 03:00:00,3157.0
2025-10-08 04:00:00,3170.0
2025-10-08 05:00:00,3167.0
2025-10-08 06:00:00,3164.0
2025-10-08 07:00:00,3163.0
2025-10-08 08:00:00,3159.0
2025-10-08 09:00:00,3157.0
2025-10-08 10:00:00,3130.0
2025-10-08 11:00:00,3129.0
2025-10-08 12:00:00,3151.0
2025-10-08 13:00:00,3143.0
2025-10-08 14:00:00,3156.0
2025-10-08 15:00:00,3098.0
2025-10-08 16:00:00,3096.0
2025-10-08 17:00:00,3120.0
2025-10-08 18:00:00,3162.0
2025-10-08 19:00:00,3157.0
2025-10-08 20:00:00,3125.0
2025-10-08 21:00:00,3090.0
2025-10-08 22:00:00,3093.0
2025-10-08 23:00:00,3123.0
2025-10-09 00:00:00,3166.0
2025-10-09 01:00:00,3157.0
2025-10-09 02:00:00,3138.0
2025-10-09 03:00:00,3163.0
2025-10-09 04:00:00,3163.0
2025-10-09 05:00:00,3165.0
2025-10-09 06:00:00,3167.0
2025-10-09 07:00:00,3160.0
2025-10-09 08:00:00,3158.0
2025-10-09 09:00:00,3156.0
2025-10-09 10:00:00,3121.0
2025-10-09 11:00:00,3105.0
2025-10-09 12:00:00,3110.0
2025-10-09 13:00:00,3092.0
2025-10-09 14:00:00,3092.0
2025-10-09 15:00:00,3097.0
2025-10-09 16:00:00,3112.0
2025-10-09 17:00:00,3159.0
2025-10-09 18:00:00,3170.0
2025-10-09 19:00:00,3171.0
2025-10-09 20:00:00,3164.0
2025-10-09 21:00:00,3137.0
2025-10-09 22:00:00,3165.0
2025-10-09 23:00:00,3175.0
2025-10-10 00:00:00,3211.0
2025-10-10 01:00:00,3244.0
2025-10-10 02:00:00,3223.0
2025-10-10 03:00:00,3440.0
2025-10-10 04:00:00,3421.0
2025-10-10 05:00:00,3436.0
2025-10-10 06:00:00,3428.0
2025-10-10 07:00:00,3415.0
2025-10-10 08:00:00,3410.0
2025-10-10 09:00:00,3369.0
2025-10-10 10:00:00,3344.0
2025-10-10 11:00:00,3311.0
2025-10-10 12:00:00,3299.0
2025-10-10 13:00:00,3282.0
2025-10-10 14:00:00,3289.0
2025-10-10 15:00:00,3301.0
2025-10-10 16:00:00,3305.0
2025-10-10 17:00:00,3316.0
2025-10-10 18:00:00,3310.0
2025-10-10 19:00:00,3313.0
2025-10-10 20:00:00,3289.0
2025-10-10 21:00:00,3237.0
2025-10-10 22:00:00,3242.0
2025-10-10 23:00:00,3249.0
2025-10-11 00:00:00,3290.0
2025-10-11 01:00:00,3309.0
2025-10-11 02:00:00,3253.0
2025-10-11 03:00:00,3245.0
2025-10-11 04:00:00,3303.0
2025-10-11 05:00:00,3303.0
2025-10-11 06:00:00,3303.0
2025-10-11 07:00:00,3284.0
2025-10-11 08:00:00,3290.0
2025-10-11 09:00:00,3240.0
2025-10-11 10:00:00,3216.0
2025-10-11 11:00:00,3175.0
2025-10-11 12:00:00,3207.0
2025-10-11 13:00:00,3212.0
2025-10-11 14:00:00,3210.0
2025-10-11 15:00:00,3226.0
2025-10-11 16:00:00,3243.0
2025-10-11 17:00:00,3247.0
2025-10-11 18:00:00,3251.0
2025-10-11 19:00:00,3290.0
2025-10-11 20:00:00,3277.0
2025-10-11 21:00:00,3242.0
2025-10-11 22:00:00,3297.0
2025-10-11 23:00:00,3293.0
2025-10-12 00:00:00,3311.0
2025-10-12 01:00:00,3301.0
2025-10-12 02:00:00,3282.0
2025-10-12 03:00:00,3296.0
2025-10-12 04:00:00,3310.0
2025-10-12 05:00:00,3315.0
2025-10-12 06:00:00,3294.0
2025-10-12 07:00:00,3308.0
2025-10-12 08:00:00,3302.0
2025-10-12 09:00:00,3290.0
2025-10-12 10:00:00,3266.0
2025-10-12 11:00:00,3253.0
2025-10-12 12:00:00,3297.0
2025-10-12 13:00:00,3308.0
2025-10-12 14:00:00,3268.0
2025-10-12 15:00:00,3251.0
2025-10-12 16:00:00,3308.0
2025-10-12 17:00:00,3322.0
2025-10-12 18:00:00,3323.0
2025-10-12 19:00:00,3320.0
2025-10-12 20:00:00,3314.0
2025-10-12 21:00:00,3250.0
2025-10-12 22:00:00,3290.0
2025-10-12 23:00:00,3309.0
2025-10-13 00:00:00,3318.0
2025-10-13 01:00:00,3313.0
2025-10-13 02:00:00,3267.0
2025-10-13 03:00:00,3288.0
2025-10-13 04:00:00,3319.0
2025-10-13 05:00:00,3341.0
2025-10-13 06:00:00,3383.0
2025-10-13 07:00:00,3384.0
2025-10-13 08:00:00,3344.0
2025-10-13 09:00:00,3354.0
2025-10-13 10:00:00,3116.0
2025-10-13 11:00:00,3056.0
2025-10-13 12:00:00,3250.0
2025-10-13 13:00:00,3300.0
2025-10-13 14:00:00,3303.0
2025-10-13 15:00:00,3313.0
2025-10-13 16:00:00,3314.0
2025-10-13 17:00:00,3382.0
2025-10-13 18:00:00,3399.0
2025-10-13 19:00:00,3426.0
2025-10-13 20:00:00,3396.0
2025-10-13 21:00:00,3377.0
2025-10-13 22:00:00,3390.0
2025-10-13 23:00:00,3411.0
2025-10-14 00:00:00,3461.0
2025-10-14 01:00:00,3441.0
2025-10-14 02:00:00,3380.0
2025-10-14 03:00:00,3386.0
2025-10-14 04:00:00,3389.0
2025-10-14 05:00:00,3410.0
2025-10-14 06:00:00,3440.0
2025-10-14 07:00:00,3430.0
2025-10-14 08:00:00,3436.0
2025-10-14 09:00:00,3381.0
2025-10-14 10:00:00,3354.0
2025-10-14 11:00:00,3330.0
2025-10-14 12:00:00,3355.0
2025-10-14 13:00:00,3347.0
2025-10-14 14:00:00,3338.0
2025-10-14 15:00:00,3381.0
2025-10-14 16:00:00,3379.0
2025-10-14 17:00:00,3391.0
2025-10-14 18:00:00,3395.0
2025-10-14 19:00:00,3395.0
2025-10-14 20:00:00,3389.0
2025-10-14 21:00:00,3375.0
2025-10-14 22:00:00,3392.0
2025-10-14 23:00:00,3399.0
2025-10-15 00:00:00,3448.0
2025-10-15 01:00:00,3444.0
2025-10-15 02:00:00,3378.0
2025-10-15 03:00:00,3380.0
2025-10-15 04:00:00,3412.0
2025-10-15 05:00:00,3442.0
2025-10-15 06:00:00,3427.0
2025-10-15 07:00:00,3438.0
2025-10-15 08:00:00,3430.0
2025-10-15 09:00:00,3403.0
2025-10-15 10:00:00,3368.0
2025-10-15 11:00:00,3309.0
2025-10-15 12:00:00,3315.0
2025-10-15 13:00:00,3358.0
2025-10-15 14:00:00,3368.0
2025-10-15 15:00:00,3366.0
2025-10-15 16:00:00,3384.0
2025-10-15 17:00:00,3394.0
2025-10-15 18:00:00,3408.0
2025-10-15 19:00:00,3426.0
2025-10-15 20:00:00,3423.0
2025-10-15 21:00:00,3384.0
2025-10-15 22:00:00,3394.0
2025-10-15 23:00:00,3434.0
2025-10-16 00:00:00,3459.0
2025-10-16 01:00:00,3450.0
2025-10-16 02:00:00,3395.0
2025-10-16 03:00:00,3406.0
2025-10-16 04:00:00,3446.0
2025-10-16 05:00:00,3452.0
2025-10-16 06:00:00,3441.0
2025-10-16 07:00:00,3437.0
2025-10-16 08:00:00,3335.0
2025-10-16 09:00:00,3287.0
2025-10-16 10:00:00,3361.0
2025-10-16 11:00:00,3315.0
2025-10-16 12:00:00,3373.0
2025-10-16 13:00:00,3355.0
2025-10-16 14:00:00,3378.0
2025-10-16 15:00:00,3361.0
2025-10-16 16:00:00,3360.0
2025-10-16 17:00:00,3396.0
2025-10-16 18:00:00,3398.0
2025-10-16 19:00:00,3446.0
2025-10-16 20:00:00,3413.0
2025-10-16 21:00:00,3386.0
2025-10-16 22:00:00,3397.0
2025-10-16 23:00:00,3449.0
2025-10-17 00:00:00,3460.0
2025-10-17 01:00:00,3451.0
2025-10-17 02:00:00,3388.0
2025-10-17 03:00:00,3400.0
2025-10-17 04:00:00,3448.0
2025-10-17 05:00:00,3454.0
2025-10-17 06:00:00,3364.0
2025-10-17 07:00:00,3444.0
2025-10-17 08:00:00,3446.0
2025-10-17 09:00:00,3412.0
2025-10-17 10:00:00,3382.0
2025-10-17 11:00:00,3344.0
2025-10-17 12:00:00,3373.0
2025-10-17 13:00:00,3375.0
2025-10-17 14:00:00,3374.0
2025-10-17 15:00:00,3375.0
2025-10-17 16:00:00,3390.0
2025-10-17 17:00:00,3398.0
2025-10-17 18:00:00,3412.0
2025-10-17 19:00:00,3448.0
2025-10-17 20:00:00,3406.0
2025-10-17 21:00:00,3339.0
2025-10-17 22:00:00,3389.0
2025-10-17 23:00:00,3407.0
2025-10-18 00:00:00,3457.0
2025-10-18 01:00:00,3439.0
2025-10-18 02:00:00,3397.0
2025-10-18 03:00:00,3435.0
2025-10-18 04:00:00,3455.0
2025-10-18 05:00:00,3457.0
2025-10-18 06:00:00,3443.0
2025-10-18 07:00:00,3442.0
2025-10-18 08:00:00,3419.0
2025-10-18 09:00:00,3223.0
2025-10-18 10:00:00,3159.0
2025-10-18 11:00:00,3377.0
2025-10-18 12:00:00,3394.0
2025-10-18 13:00:00,3398.0
2025-10-18 14:00:00,3387.0
2025-10-18 15:00:00,3391.0
2025-10-18 16:00:00,3419.0
2025-10-18 17:00:00,3459.0
2025-10-18 18:00:00,3464.0
2025-10-18 19:00:00,3461.0
2025-10-18 20:00:00,3422.0
2025-10-18 21:00:00,3386.0
2025-10-18 22:00:00,3392.0
2025-10-18 23:00:00,3422.0
2025-10-19 00:00:00,3460.0
2025-10-19 01:00:00,3453.0
2025-10-19 02:00:00,3408.0
2025-10-19 03:00:00,3442.0
2025-10-19 04:00:00,3463.0
2025-10-19 05:00:00,3455.0
2025-10-19 06:00:00,3438.0
2025-10-19 07:00:00,3427.0
2025-10-19 08:00:00,3419.0
2025-10-19 09:00:00,3327.0
2025-10-19 10:00:00,3276.0
2025-10-19 11:00:00,3416.0
2025-10-19 12:00:00,3448.0
2025-10-19 13:00:00,3447.0
2025-10-19 14:00:00,3444.0
2025-10-19 15:00:00,3402.0
2025-10-19 16:00:00,3462.0
2025-10-19 17:00:00,3465.0
2025-10-19 18:00:00,3467.0
2025-10-19 19:00:00,3464.0
2025-10-19 20:00:00,3452.0
2025-10-19 21:00:00,3443.0
2025-10-19 22:00:00,3446.0
2025-10-19 23:00:00,3461.0
2025-10-20 00:00:00,3463.0
2025-10-20 01:00:00,3455.0
2025-10-20 02:00:00,3394.0
2025-10-20 03:00:00,3443.0
2025-10-20 04:00:00,3464.0
2025-10-20 05:00:00,3459.0
2025-10-20 06:00:00,3458.0
2025-10-20 07:00:00,3443.0
2025-10-20 08:00:00,3449.0
2025-10-20 09:00:00,3415.0
2025-10-20 10:00:00,3359.0
2025-10-20 11:00:00,3133.0
2025-10-20 12:00:00,3281.0
2025-10-20 13:00:00,3380.0
2025-10-20 14:00:00,3382.0
2025-10-20 15:00:00,3388.0
2025-10-20 16:00:00,3391.0
2025-10-20 17:00:00,3455.0
2025-10-20 18:00:00,3464.0
2025-10-20 19:00:00,3465.0
2025-10-20 20:00:00,3471.0
2025-10-20 21:00:00,3454.0
2025-10-20 22:00:00,3465.0
2025-10-20 23:00:00,3532.0
2025-10-21 00:00:00,3555.0
2025-10-21 01:00:00,3604.0
2025-10-21 02:00:00,3519.0
2025-10-21 03:00:00,3517.0
2025-10-21 04:00:00,3536.0
2025-10-21 05:00:00,3570.0
2025-10-21 06:00:00,3565.0
2025-10-21 07:00:00,3515.0
2025-10-21 08:00:00,3582.0
2025-10-21 09:00:00,3537.0
2025-10-21 10:00:00,3480.0
2025-10-21 11:00:00,3414.0
2025-10-21 12:00:00,3416.0
2025-10-21 13:00:00,3437.0
2025-10-21 14:00:00,3437.0
2025-10-21 15:00:00,3456.0
2025-10-21 16:00:00,3463.0
2025-10-21 17:00:00,3502.0
2025-10-21 18:00:00,3599.0
2025-10-21 19:00:00,3608.0
2025-10-21 20:00:00,3557.0
2025-10-21 21:00:00,3512.0
2025-10-21 22:00:00,3544.0
2025-10-21 23:00:00,3609.0
2025-10-22 00:00:00,3638.0
2025-10-22 01:00:00,3661.0
2025-10-22 02:00:00,3603.0
2025-10-22 03:00:00,3610.0
2025-10-22 04:00:00,3671.0
2025-10-22 05:00:00,3689.0
2025-10-22 06:00:00,3679.0
2025-10-22 07:00:00,3679.0
2025-10-22 08:00:00,3677.0
2025-10-22 09:00:00,3629.0
2025-10-22 10:00:00,3579.0
2025-10-22 11:00:00,3478.0
2025-10-22 12:00:00,3500.0
2025-10-22 13:00:00,3526.0
2025-10-22 14:00:00,3515.0
2025-10-22 15:00:00,3530.0
2025-10-22 16:00:00,3564.0
2025-10-22 17:00:00,3680.0
2025-10-22 18:00:00,3688.0
2025-10-22 19:00:00,3696.0
2025-10-22 20:00:00,3672.0
2025-10-22 21:00:00,3729.0
2025-10-22 22:00:00,3776.0
2025-10-22 23:00:00,3778.0
2025-10-23 00:00:00,3778.0
2025-10-23 01:00:00,3791.0
2025-10-23 02:00:00,3762.0
2025-10-23 03:00:00,3781.0
2025-10-23 04:00:00,3834.0
2025-10-23 05:00:00,3837.0
2025-10-23 06:00:00,3811.0
2025-10-23 07:00:00,3814.0
2025-10-23 08:00:00,3850.0
2025-10-23 09:00:00,3808.0
2025-10-23 10:00:00,3781.0
2025-10-23 11:00:00,3802.0
2025-10-23 12:00:00,3787.0
2025-10-23 13:00:00,3833.0
2025-10-23 14:00:00,3806.0
2025-10-23 15:00:00,3819.0
2025-10-23 16:00:00,3800.0
2025-10-23 17:00:00,3830.0
2025-10-23 18:00:00,3833.0
2025-10-23 19:00:00,3832.0
2025-10-23 20:00:00,3798.0
2025-10-23 21:00:00,3769.0
2025-10-23 22:00:00,3778.0
2025-10-23 23:00:00,3809.0
2025-10-24 00:00:00,3843.0
2025-10-24 01:00:00,3828.0
2025-10-24 02:00:00,3776.0
2025-10-24 03:00:00,3794.0
2025-10-24 04:00:00,3835.0
2025-10-24 05:00:00,3840.0
2025-10-24 06:00:00,3837.0
2025-10-24 07:00:00,3842.0
2025-10-24 08:00:00,3827.0
2025-10-24 09:00:00,3807.0
2025-10-24 10:00:00,3785.0
2025-10-24 11:00:00,3750.0
2025-10-24 12:00:00,3742.0
2025-10-24 13:00:00,3743.0
2025-10-24 14:00:00,3746.0
2025-10-24 15:00:00,3756.0
2025-10-24 16:00:00,3769.0
2025-10-24 17:00:00,3779.0
2025-10-24 18:00:00,3799.0
2025-10-24 19:00:00,3832.0
2025-10-24 20:00:00,3791.0
2025-10-24 21:00:00,3769.0
2025-10-24 22:00:00,3772.0
2025-10-24 23:00:00,3782.0
2025-10-25 00:00:00,3829.0
2025-10-25 01:00:00,3838.0
2025-10-25 02:00:00,3794.0
2025-10-25 03:00:00,3831.0
2025-10-25 04:00:00,3846.0
2025-10-25 05:00:00,3844.0
2025-10-25 06:00:00,3839.0
2025-10-25 07:00:00,3841.0
2025-10-25 08:00:00,3839.0
2025-10-25 09:00:00,3812.0
2025-10-25 10:00:00,3801.0
2025-10-25 11:00:00,3779.0
2025-10-25 12:00:00,3778.0
2025-10-25 13:00:00,3799.0
2025-10-25 14:00:00,3803.0
2025-10-25 15:00:00,3773.0
2025-10-25 16:00:00,3823.0
2025-10-25 17:00:00,3845.0
2025-10-25 18:00:00,3849.0
2025-10-25 19:00:00,3846.0
2025-10-25 20:00:00,3813.0
2025-10-25 21:00:00,3772.0
2025-10-25 22:00:00,3778.0
2025-10-25 23:00:00,3828.0
2025-10-26 00:00:00,3842.0
2025-10-26 01:00:00,3825.0
2025-10-26 02:00:00,3799.0
2025-10-26 03:00:00,3846.0
2025-10-26 04:00:00,3852.0
2025-10-26 05:00:00,3850.0
2025-10-26 06:00:00,3845.0
2025-10-26 07:00:00,3845.0
2025-10-26 08:00:00,3841.0
2025-10-26 09:00:00,3830.0
2025-10-26 10:00:00,3830.0
2025-10-26 11:00:00,3832.0
2025-10-26 12:00:00,3843.0
2025-10-26 13:00:00,3848.0
2025-10-26 14:00:00,3839.0
2025-10-26 15:00:00,3844.0
2025-10-26 16:00:00,3853.0
2025-10-26 17:00:00,3859.0
2025-10-26 18:00:00,3910.0
2025-10-26 19:00:00,3996.0
2025-10-26 20:00:00,3963.0
2025-10-26 21:00:00,3886.0
2025-10-26 22:00:00,3880.0
2025-10-26 23:00:00,3925.0
2025-10-27 00:00:00,3981.0
2025-10-27 01:00:00,3936.0
2025-10-27 02:00:00,3894.0
2025-10-27 03:00:00,3907.0
2025-10-27 04:00:00,3963.0
2025-10-27 05:00:00,3995.0
2025-10-27 06:00:00,3984.0
2025-10-27 07:00:00,3986.0
2025-10-27 08:00:00,3978.0
2025-10-27 09:00:00,3935.0
2025-10-27 10:00:00,3891.0
2025-10-27 11:00:00,3834.0
2025-10-27 12:00:00,3823.0
2025-10-27 13:00:00,3839.0
2025-10-27 14:00:00,3843.0
2025-10-27 15:00:00,3846.0
2025-10-27 16:00:00,3903.0
2025-10-27 17:00:00,3978.0
2025-10-27 18:00:00,3997.0
2025-10-27 19:00:00,3991.0
2025-10-27 20:00:00,3979.0
2025-10-27 21:00:00,3926.0
2025-10-27 22:00:00,3996.0
2025-10-27 23:00:00,4002.0
2025-10-28 00:00:00,4065.0
2025-10-28 01:00:00,4069.0
2025-10-28 02:00:00,4014.0
2025-10-28 03:00:00,3997.0
2025-10-28 04:00:00,4061.0
2025-10-28 05:00:00,4063.0
2025-10-28 06:00:00,4096.0
2025-10-28 07:00:00,4100.0
2025-10-28 08:00:00,4114.0
2025-10-28 09:00:00,4095.0
2025-10-28 10:00:00,3992.0
2025-10-28 11:00:00,3883.0
2025-10-28 12:00:00,3859.0
2025-10-28 13:00:00,4046.0
2025-10-28 14:00:00,3960.0
2025-10-28 15:00:00,3956.0
2025-10-28 16:00:00,3992.0
2025-10-28 17:00:00,4015.0
2025-10-28 18:00:00,4111.0
2025-10-28 19:00:00,4137.0
2025-10-28 20:00:00,4146.0
2025-10-28 21:00:00,4047.0
2025-10-28 22:00:00,4065.0
2025-10-28 23:00:00,4074.0
2025-10-29 00:00:00,4141.0
2025-10-29 01:00:00,4140.0
2025-10-29 02:00:00,4096.0
2025-10-29 03:00:00,4086.0
2025-10-29 04:00:00,4137.0
2025-10-29 05:00:00,4136.0
2025-10-29 06:00:00,4136.0
2025-10-29 07:00:00,4133.0
2025-10-29 08:00:00,4119.0
2025-10-29 09:00:00,4116.0
2025-10-29 10:00:00,4021.0
2025-10-29 11:00:00,3970.0
2025-10-29 12:00:00,3981.0
2025-10-29 13:00:00,3991.0
2025-10-29 14:00:00,3983.0
2025-10-29 15:00:00,3991.0
2025-10-29 16:00:00,4047.0
2025-10-29 17:00:00,4132.0
2025-10-29 18:00:00,4168.0
2025-10-29 19:00:00,4190.0
2025-10-29 20:00:00,4142.0
2025-10-29 21:00:00,4055.0
2025-10-29 22:00:00,4075.0
2025-10-29 23:00:00,4149.0
2025-10-30 00:00:00,4215.0
2025-10-30 01:00:00,4208.0
2025-10-30 02:00:00,4121.0
2025-10-30 03:00:00,4131.0
2025-10-30 04:00:00,4176.0
2025-10-30 05:00:00,4205.0
2025-10-30 06:00:00,4204.0
2025-10-30 07:00:00,4206.0
2025-10-30 08:00:00,4257.0
2025-10-30 09:00:00,4193.0
2025-10-30 10:00:00,4035.0
2025-10-30 11:00:00,3976.0
2025-10-30 12:00:00,4020.0
2025-10-30 13:00:00,4042.0
2025-10-30 14:00:00,4053.0
2025-10-30 15:00:00,4046.0
2025-10-30 16:00:00,4064.0
2025-10-30 17:00:00,4120.0
2025-10-30 18:00:00,4281.0
2025-10-30 19:00:00,4285.0
2025-10-30 20:00:00,4230.0
2025-10-30 21:00:00,4087.0
2025-10-30 22:00:00,4142.0
2025-10-30 23:00:00,4250.0
2025-10-31 00:00:00,4293.0
2025-10-31 01:00:00,4285.0
2025-10-31 02:00:00,4308.0
2025-10-31 03:00:00,4132.0
2025-10-31 04:00:00,4202.0
2025-10-31 05:00:00,4264.0
2025-10-31 06:00:00,4274.0
2025-10-31 07:00:00,4273.0
2025-10-31 08:00:00,4270.0
2025-10-31 09:00:00,4239.0
2025-10-31 10:00:00,4109.0
2025-10-31 11:00:00,4054.0
2025-10-31 12:00:00,4038.0
2025-10-31 13:00:00,3986.0
2025-10-31 14:00:00,4171.0
2025-10-31 15:00:00,4032.0
2025-10-31 16:00:00,4067.0
2025-10-31 17:00:00,4140.0
2025-10-31 18:00:00,4282.0
2025-10-31 19:00:00,4287.0
2025-10-31 20:00:00,4175.0
2025-10-31 21:00:00,3993.0
2025-10-31 22:00:00,4025.0
2025-10-31 23:00:00,4078.0
2025-11-01 00:00:00,4145.0
2025-11-01 01:00:00,4141.0
2025-11-01 02:00:00,4128.0
2025-11-01 03:00:00,4138.0
2025-11-01 04:00:00,4142.0
2025-11-01 05:00:00,4164.0
2025-11-01 06:00:00,4228.0
2025-11-01 07:00:00,4243.0
2025-11-01 08:00:00,4136.0
2025-11-01 09:00:00,4087.0
2025-11-01 10:00:00,3964.0
2025-11-01 11:00:00,3897.0
2025-11-01 12:00:00,3915.0
2025-11-01 13:00:00,3923.0
2025-11-01 14:00:00,3927.0
2025-11-01 15:00:00,3915.0
2025-11-01 16:00:00,3955.0
2025-11-01 17:00:00,4017.0
2025-11-01 18:00:00,4122.0
2025-11-01 19:00:00,4124.0
2025-11-01 20:00:00,4044.0
2025-11-01 21:00:00,3944.0
2025-11-01 22:00:00,3990.0
2025-11-01 23:00:00,3993.0
2025-11-02 00:00:00,3995.0
2025-11-02 01:00:00,3992.0
2025-11-02 02:00:00,3983.0
2025-11-02 03:00:00,4001.0
2025-11-02 04:00:00,4045.0
2025-11-02 05:00:00,4136.0
2025-11-02 06:00:00,4125.0
2025-11-02 07:00:00,4132.0
2025-11-02 08:00:00,4129.0
2025-11-02 09:00:00,4101.0
2025-11-02 10:00:00,4042.0
2025-11-02 11:00:00,4039.0
2025-11-02 12:00:00,4065.0
2025-11-02 13:00:00,4068.0
2025-11-02 14:00:00,4044.0
2025-11-02 15:00:00,4032.0
2025-11-02 16:00:00,4070.0
2025-11-02 17:00:00,4109.0
2025-11-02 18:00:00,4167.0
2025-11-02 19:00:00,4206.0
2025-11-02 20:00:00,4183.0
2025-11-02 21:00:00,4077.0
2025-11-02 22:00:00,4107.0
2025-11-02 23:00:00,4143.0
2025-11-03 00:00:00,4145.0
2025-11-03 01:00:00,4137.0
2025-11-03 02:00:00,4078.0
2025-11-03 03:00:00,4116.0
2025-11-03 04:00:00,4140.0
2025-11-03 05:00:00,4137.0
2025-11-03 06:00:00,4166.0
2025-11-03 07:00:00,4207.0
2025-11-03 08:00:00,4205.0
2025-11-03 09:00:00,4192.0
2025-11-03 10:00:00,4090.0
2025-11-03 11:00:00,4014.0
2025-11-03 12:00:00,4004.0
2025-11-03 13:00:00,4041.0
2025-11-03 14:00:00,4062.0
2025-11-03 15:00:00,4065.0
2025-11-03 16:00:00,4123.0
2025-11-03 17:00:00,4181.0
2025-11-03 18:00:00,4220.0
2025-11-03 19:00:00,4248.0
2025-11-03 20:00:00,4259.0
2025-11-03 21:00:00,4197.0
2025-11-03 22:00:00,4218.0
2025-11-03 23:00:00,4280.0
2025-11-04 00:00:00,4364.0
2025-11-04 01:00:00,4360.0
2025-11-04 02:00:00,4283.0
2025-11-04 03:00:00,4277.0
2025-11-04 04:00:00,4317.0
2025-11-04 05:00:00,4356.0
2025-11-04 06:00:00,4355.0
2025-11-04 07:00:00,4351.0
2025-11-04 08:00:00,4356.0
2025-11-04 09:00:00,4338.0
2025-11-04 10:00:00,4193.0
2025-11-04 11:00:00,4057.0
2025-11-04 12:00:00,4043.0
2025-11-04 13:00:00,4058.0
2025-11-04 14:00:00,4113.0
2025-11-04 15:00:00,4134.0
2025-11-04 16:00:00,4199.0
2025-11-04 17:00:00,4433.0
2025-11-04 18:00:00,4381.0
2025-11-04 19:00:00,4390.0
2025-11-04 20:00:00,4359.0
2025-11-04 21:00:00,4293.0
2025-11-04 22:00:00,4347.0
2025-11-04 23:00:00,4375.0
2025-11-05 00:00:00,4440.0
2025-11-05 01:00:00,4434.0
2025-11-05 02:00:00,4374.0
2025-11-05 03:00:00,4360.0
2025-11-05 04:00:00,4418.0
2025-11-05 05:00:00,4426.0
2025-11-05 06:00:00,4427.0
2025-11-05 07:00:00,4423.0
2025-11-05 08:00:00,4402.0
2025-11-05 09:00:00,4374.0
2025-11-05 10:00:00,4230.0
2025-11-05 11:00:00,4105.0
2025-11-05 12:00:00,4123.0
2025-11-05 13:00:00,4151.0
2025-11-05 14:00:00,4174.0
2025-11-05 15:00:00,4241.0
2025-11-05 16:00:00,4334.0
2025-11-05 17:00:00,4410.0
2025-11-05 18:00:00,4438.0
2025-11-05 19:00:00,4437.0
2025-11-05 20:00:00,4410.0
2025-11-05 21:00:00,4339.0
2025-11-05 22:00:00,4369.0
2025-11-05 23:00:00,4440.0
2025-11-06 00:00:00,4473.0
2025-11-06 01:00:00,4504.0
2025-11-06 02:00:00,4383.0
2025-11-06 03:00:00,4390.0
2025-11-06 04:00:00,4454.0
2025-11-06 05:00:00,4509.0
2025-11-06 06:00:00,4539.0
2025-11-06 07:00:00,4606.0
2025-11-06 08:00:00,4613.0
2025-11-06 09:00:00,4518.0
2025-11-06 10:00:00,4314.0
2025-11-06 11:00:00,4346.0
2025-11-06 12:00:00,4169.0
2025-11-06 13:00:00,4250.0
2025-11-06 14:00:00,4571.0
2025-11-06 15:00:00,4271.0
2025-11-06 16:00:00,4349.0
2025-11-06 17:00:00,4499.0
2025-11-06 18:00:00,4618.0
2025-11-06 19:00:00,4496.0
2025-11-06 20:00:00,4604.0
2025-11-06 21:00:00,4456.0
2025-11-06 22:00:00,4443.0
2025-11-06 23:00:00,4561.0
2025-11-07 00:00:00,4649.0
2025-11-07 01:00:00,4650.0
2025-11-07 02:00:00,4560.0
2025-11-07 03:00:00,4508.0
2025-11-07 04:00:00,4581.0
2025-11-07 05:00:00,4584.0
2025-11-07 06:00:00,4595.0
2025-11-07 07:00:00,4632.0
2025-11-07 08:00:00,4625.0
2025-11-07 09:00:00,4576.0
2025-11-07 10:00:00,4387.0
2025-11-07 11:00:00,4311.0
2025-11-07 12:00:00,4408.0
2025-11-07 13:00:00,4346.0
2025-11-07 14:00:00,4355.0
2025-11-07 15:00:00,4351.0
2025-11-07 16:00:00,4363.0
2025-11-07 17:00:00,4447.0
2025-11-07 18:00:00,4570.0
2025-11-07 19:00:00,4508.0
2025-11-07 20:00:00,4571.0
2025-11-07 21:00:00,4445.0
2025-11-07 22:00:00,4434.0
2025-11-07 23:00:00,4440.0
2025-11-08 00:00:00,4449.0
2025-11-08 01:00:00,4512.0
2025-11-08 02:00:00,4500.0
2025-11-08 03:00:00,4507.0
2025-11-08 04:00:00,4516.0
2025-11-08 05:00:00,4580.0
2025-11-08 06:00:00,4577.0
2025-11-08 07:00:00,4574.0
2025-11-08 08:00:00,4575.0
2025-11-08 09:00:00,4446.0
2025-11-08 10:00:00,4363.0
2025-11-08 11:00:00,4334.0
2025-11-08 12:00:00,4360.0
2025-11-08 13:00:00,4359.0
2025-11-08 14:00:00,4358.0
2025-11-08 15:00:00,4355.0
2025-11-08 16:00:00,4372.0
2025-11-08 17:00:00,4531.0
2025-11-08 18:00:00,4637.0
2025-11-08 19:00:00,4653.0
2025-11-08 20:00:00,4624.0
2025-11-08 21:00:00,4537.0
2025-11-08 22:00:00,4571.0
2025-11-08 23:00:00,4506.0
2025-11-09 00:00:00,4506.0
2025-11-09 01:00:00,4621.0
2025-11-09 02:00:00,4658.0
2025-11-09 03:00:00,4509.0
2025-11-09 04:00:00,4539.0
2025-11-09 05:00:00,4588.0
2025-11-09 06:00:00,4638.0
2025-11-09 07:00:00,4645.0
2025-11-09 08:00:00,4637.0
2025-11-09 09:00:00,4623.0
2025-11-09 10:00:00,4500.0
2025-11-09 11:00:00,4435.0
2025-11-09 12:00:00,4458.0
2025-11-09 13:00:00,4513.0
2025-11-09 14:00:00,4535.0
2025-11-09 15:00:00,4545.0
2025-11-09 16:00:00,4583.0
2025-11-09 17:00:00,4721.0
2025-11-09 18:00:00,4671.0
2025-11-09 19:00:00,4658.0
2025-11-09 20:00:00,4644.0
2025-11-09 21:00:00,4578.0
2025-11-09 22:00:00,4580.0
2025-11-09 23:00:00,4595.0
2025-11-10 00:00:00,4646.0
2025-11-10 01:00:00,4654.0
2025-11-10 02:00:00,4594.0
2025-11-10 03:00:00,4591.0
2025-11-10 04:00:00,4656.0
2025-11-10 05:00:00,4660.0
2025-11-10 06:00:00,4654.0
2025-11-10 07:00:00,4651.0
2025-11-10 08:00:00,4640.0
2025-11-10 09:00:00,4602.0
2025-11-10 10:00:00,4491.0
2025-11-10 11:00:00,4327.0
2025-11-10 12:00:00,4308.0
2025-11-10 13:00:00,4421.0
2025-11-10 14:00:00,4458.0
2025-11-10 15:00:00,4292.0
2025-11-10 16:00:00,4356.0
2025-11-10 17:00:00,4386.0
2025-11-10 18:00:00,4608.0
2025-11-10 19:00:00,4655.0
2025-11-10 20:00:00,4634.0
2025-11-10 21:00:00,4507.0
2025-11-10 22:00:00,4516.0
2025-11-10 23:00:00,4596.0
2025-11-11 00:00:00,4662.0
2025-11-11 01:00:00,4657.0
2025-11-11 02:00:00,4625.0
2025-11-11 03:00:00,4637.0
2025-11-11 04:00:00,4656.0
2025-11-11 05:00:00,4656.0
2025-11-11 06:00:00,4715.0
2025-11-11 07:00:00,4726.0
2025-11-11 08:00:00,4779.0
2025-11-11 09:00:00,4694.0
2025-11-11 10:00:00,4391.0
2025-11-11 11:00:00,4333.0
2025-11-11 12:00:00,4267.0
2025-11-11 13:00:00,4262.0
2025-11-11 14:00:00,4253.0
2025-11-11 15:00:00,4198.0
2025-11-11 16:00:00,4186.0
2025-11-11 17:00:00,4174.0
2025-11-11 18:00:00,4163.0
2025-11-11 19:00:00,4151.0
2025-11-11 20:00:00,4139.0
2025-11-11 21:00:00,4128.0
2025-11-11 22:00:00,4116.0
2025-11-11 23:00:00,4104.0
2025-11-12 00:00:00,4093.0
2025-11-12 01:00:00,4081.0
2025-11-12 02:00:00,4069.0
2025-11-12 03:00:00,4058.0
2025-11-12 04:00:00,4046.0
2025-11-12 05:00:00,4034.0
2025-11-12 06:00:00,4023.0
2025-11-12 07:00:00,4011.0
2025-11-12 08:00:00,4011.0
2025-11-12 09:00:00,4021.0
2025-11-12 10:00:00,3971.0
2025-11-12 11:00:00,3964.0
2025-11-12 12:00:00,3973.0
2025-11-12 13:00:00,3910.0
2025-11-12 14:00:00,3910.0
2025-11-12 15:00:00,3842.0
2025-11-12 16:00:00,4158.0
2025-11-12 17:00:00,3980.0
2025-11-12 18:00:00,4021.0
2025-11-12 19:00:00,3996.0
2025-11-12 20:00:00,4071.0
2025-11-12 21:00:00,4121.0
2025-11-12 22:00:00,4158.0
2025-11-12 23:00:00,3997.0
2025-11-13 00:00:00,4051.0
2025-11-13 01:00:00,4085.0
2025-11-13 02:00:00,3980.0
2025-11-13 03:00:00,3997.0
2025-11-13 04:00:00,4060.0
2025-11-13 05:00:00,3989.0
2025-11-13 06:00:00,4196.0
2025-11-13 07:00:00,3914.0
2025-11-13 08:00:00,4045.0
2025-11-13 09:00:00,4134.0
2025-11-13 10:00:00,4147.0
2025-11-13 11:00:00,4107.0
2025-11-13 12:00:00,4071.0
2025-11-13 13:00:00,4008.0
2025-11-13 14:00:00,3994.0
2025-11-13 15:00:00,3983.0
2025-11-13 16:00:00,3995.0
2025-11-13 17:00:00,4006.0
2025-11-13 18:00:00,3999.0
2025-11-13 19:00:00,3995.0
2025-11-13 20:00:00,3987.0
2025-11-13 21:00:00,3915.0
2025-11-13 22:00:00,3834.0
2025-11-13 23:00:00,3831.0
2025-11-14 00:00:00,3831.0
2025-11-14 01:00:00,3831.0
2025-11-14 02:00:00,3831.0
2025-11-14 03:00:00,3826.0
2025-11-14 04:00:00,3838.0
2025-11-14 05:00:00,3846.0
2025-11-14 06:00:00,3847.0
2025-11-14 07:00:00,3848.0
2025-11-14 08:00:00,3844.0
2025-11-14 09:00:00,3768.0
2025-11-14 10:00:00,3617.0
2025-11-14 11:00:00,3598.0
2025-11-14 12:00:00,3546.0
2025-11-14 13:00:00,3532.0
2025-11-14 14:00:00,3536.0
2025-11-14 15:00:00,3530.0
2025-11-14 16:00:00,3538.0
2025-11-14 17:00:00,3696.0
2025-11-14 18:00:00,3551.0
2025-11-14 19:00:00,3600.0
2025-11-14 20:00:00,3618.0
2025-11-14 21:00:00,3613.0
2025-11-14 22:00:00,3613.0
2025-11-14 23:00:00,3614.0
2025-11-15 00:00:00,3618.0
2025-11-15 01:00:00,3677.0
2025-11-15 02:00:00,3701.0
2025-11-15 03:00:00,3722.0
2025-11-15 04:00:00,3814.0
2025-11-15 05:00:00,3847.0
2025-11-15 06:00:00,3921.0
2025-11-15 07:00:00,3851.0
2025-11-15 08:00:00,3847.0
2025-11-15 09:00:00,3831.0
2025-11-15 10:00:00,3661.0
2025-11-15 11:00:00,3538.0
2025-11-15 12:00:00,3530.0
2025-11-15 13:00:00,3536.0
2025-11-15 14:00:00,3540.0
2025-11-15 15:00:00,3544.0
2025-11-15 16:00:00,3550.0
2025-11-15 17:00:00,3716.0
2025-11-15 18:00:00,3913.0
2025-11-15 19:00:00,3997.0
2025-11-15 20:00:00,4071.0
2025-11-15 21:00:00,3981.0
2025-11-15 22:00:00,3982.0
2025-11-15 23:00:00,3985.0
2025-11-16 00:00:00,3986.0
2025-11-16 01:00:00,3986.0
2025-11-16 02:00:00,3983.0
2025-11-16 03:00:00,3992.0
2025-11-16 04:00:00,3996.0
2025-11-16 05:00:00,3995.0
2025-11-16 06:00:00,3994.0
2025-11-16 07:00:00,3993.0
2025-11-16 08:00:00,3989.0
2025-11-16 09:00:00,3966.0
2025-11-16 10:00:00,3730.0
2025-11-16 11:00:00,3649.0
2025-11-16 12:00:00,3613.0
2025-11-16 13:00:00,3619.0
2025-11-16 14:00:00,3695.0
2025-11-16 15:00:00,3707.0
2025-11-16 16:00:00,3852.0
2025-11-16 17:00:00,3995.0
2025-11-16 18:00:00,4000.0
2025-11-16 19:00:00,3999.0
2025-11-16 20:00:00,3994.0
2025-11-16 21:00:00,3987.0
2025-11-16 22:00:00,3992.0
2025-11-16 23:00:00,3995.0
2025-11-17 00:00:00,3997.0
2025-11-17 01:00:00,3993.0
2025-11-17 02:00:00,3987.0
2025-11-17 03:00:00,3989.0
2025-11-17 04:00:00,3993.0
2025-11-17 05:00:00,3993.0
2025-11-17 06:00:00,3991.0
2025-11-17 07:00:00,3990.0
2025-11-17 08:00:00,3988.0
2025-11-17 09:00:00,3942.0
2025-11-17 10:00:00,3774.0
2025-11-17 11:00:00,3767.0
2025-11-17 12:00:00,3773.0
2025-11-17 13:00:00,3774.0
2025-11-17 14:00:00,3775.0
2025-11-17 15:00:00,3775.0
2025-11-17 16:00:00,3790.0
2025-11-17 17:00:00,3932.0
2025-11-17 18:00:00,3998.0
2025-11-17 19:00:00,3995.0
2025-11-17 20:00:00,3990.0
2025-11-17 21:00:00,3984.0
2025-11-17 22:00:00,3991.0
2025-11-17 23:00:00,3996.0
2025-11-18 00:00:00,3997.0
2025-11-18 01:00:00,3995.0
2025-11-18 02:00:00,3986.0
2025-11-18 03:00:00,3988.0
2025-11-18 04:00:00,3990.0
2025-11-18 05:00:00,3988.0
2025-11-18 06:00:00,3989.0
2025-11-18 07:00:00,3982.0
2025-11-18 08:00:00,3982.0
2025-11-18 09:00:00,3898.0
2025-11-18 10:00:00,3769.0
2025-11-18 11:00:00,3758.0
2025-11-18 12:00:00,3769.0
2025-11-18 13:00:00,3769.0
2025-11-18 14:00:00,3846.0
2025-11-18 15:00:00,3769.0
2025-11-18 16:00:00,3777.0
2025-11-18 17:00:00,3782.0
2025-11-18 18:00:00,3856.0
2025-11-18 19:00:00,3975.0
2025-11-18 20:00:00,3980.0
2025-11-18 21:00:00,3909.0
2025-11-18 22:00:00,3916.0
2025-11-18 23:00:00,3996.0
2025-11-19 00:00:00,3925.0
2025-11-19 01:00:00,3921.0
2025-11-19 02:00:00,3996.0
2025-11-19 03:00:00,3996.0
2025-11-19 04:00:00,4008.0
2025-11-19 05:00:00,4058.0
2025-11-19 06:00:00,3983.0
2025-11-19 07:00:00,3896.0
2025-11-19 08:00:00,3846.0
2025-11-19 09:00:00,3898.0
2025-11-19 10:00:00,3846.0
2025-11-19 11:00:00,3846.0
2025-11-19 12:00:00,3770.0
2025-11-19 13:00:00,3846.0
2025-11-19 14:00:00,3769.0
2025-11-19 15:00:00,3769.0
2025-11-19 16:00:00,3773.0
2025-11-19 17:00:00,4071.0
2025-11-19 18:00:00,3823.0
2025-11-19 19:00:00,3996.0
2025-11-19 20:00:00,3978.0
2025-11-19 21:00:00,3909.0
2025-11-19 22:00:00,3917.0
2025-11-19 23:00:00,3920.0
2025-11-20 00:00:00,3922.0
2025-11-20 01:00:00,3920.0
2025-11-20 02:00:00,3996.0
2025-11-20 03:00:00,3890.0
2025-11-20 04:00:00,3916.0
2025-11-20 05:00:00,3918.0
2025-11-20 06:00:00,3916.0
2025-11-20 07:00:00,3914.0
2025-11-20 08:00:00,3910.0
2025-11-20 09:00:00,3858.0
2025-11-20 10:00:00,3773.0
2025-11-20 11:00:00,3753.0
2025-11-20 12:00:00,3846.0
2025-11-20 13:00:00,3771.0
2025-11-20 14:00:00,3772.0
2025-11-20 15:00:00,3769.0
2025-11-20 16:00:00,3774.0
2025-11-20 17:00:00,3996.0
2025-11-20 18:00:00,3884.0
2025-11-20 19:00:00,3924.0
2025-11-20 20:00:00,3917.0
2025-11-20 21:00:00,3909.0
2025-11-20 22:00:00,3916.0
2025-11-20 23:00:00,3922.0
2025-11-21 00:00:00,3924.0
2025-11-21 01:00:00,3921.0
2025-11-21 02:00:00,3913.0
2025-11-21 03:00:00,3910.0
2025-11-21 04:00:00,3916.0
2025-11-21 05:00:00,3916.0
2025-11-21 06:00:00,3916.0
2025-11-21 07:00:00,3916.0
2025-11-21 08:00:00,3939.0
2025-11-21 09:00:00,3895.0
2025-11-21 10:00:00,3740.0
2025-11-21 11:00:00,3719.0
2025-11-21 12:00:00,3755.0
2025-11-21 13:00:00,3767.0
2025-11-21 14:00:00,3767.0
2025-11-21 15:00:00,3770.0
2025-11-21 16:00:00,3773.0
2025-11-21 17:00:00,3996.0
2025-11-21 18:00:00,3827.0
2025-11-21 19:00:00,3920.0
2025-11-21 20:00:00,3909.0
2025-11-21 21:00:00,3921.0
2025-11-21 22:00:00,3841.0
2025-11-21 23:00:00,3846.0
2025-11-22 00:00:00,3848.0
2025-11-22 01:00:00,3847.0
2025-11-22 02:00:00,3843.0
2025-11-22 03:00:00,3845.0
2025-11-22 04:00:00,3848.0
2025-11-22 05:00:00,3890.0
2025-11-22 06:00:00,3915.0
2025-11-22 07:00:00,3913.0
2025-11-22 08:00:00,3911.0
2025-11-22 09:00:00,3855.0
2025-11-22 10:00:00,3691.0
2025-11-22 11:00:00,3686.0
2025-11-22 12:00:00,3694.0
2025-11-22 13:00:00,3699.0
2025-11-22 14:00:00,3698.0
2025-11-22 15:00:00,3702.0
2025-11-22 16:00:00,3766.0
2025-11-22 17:00:00,3916.0
2025-11-22 18:00:00,3925.0
2025-11-22 19:00:00,3971.0
2025-11-22 20:00:00,3985.0
2025-11-22 21:00:00,3979.0
2025-11-22 22:00:00,3983.0
2025-11-22 23:00:00,3988.0
2025-11-23 00:00:00,3989.0
2025-11-23 01:00:00,3988.0
2025-11-23 02:00:00,3983.0
2025-11-23 03:00:00,3992.0
2025-11-23 04:00:00,3993.0
2025-11-23 05:00:00,4071.0
2025-11-23 06:00:00,3989.0
2025-11-23 07:00:00,3988.0
2025-11-23 08:00:00,3984.0
2025-11-23 09:00:00,3952.0
2025-11-23 10:00:00,3797.0
2025-11-23 11:00:00,3766.0
2025-11-23 12:00:00,3770.0
2025-11-23 13:00:00,3776.0
2025-11-23 14:00:00,3776.0
2025-11-23 15:00:00,3807.0
2025-11-23 16:00:00,3921.0
2025-11-23 17:00:00,3996.0
2025-11-23 18:00:00,3997.0
2025-11-23 19:00:00,3996.0
2025-11-23 20:00:00,3989.0
2025-11-23 21:00:00,3983.0
2025-11-23 22:00:00,3989.0
2025-11-23 23:00:00,3993.0
2025-11-24 00:00:00,3996.0
2025-11-24 01:00:00,3991.0
2025-11-24 02:00:00,3983.0
2025-11-24 03:00:00,3985.0
2025-11-24 04:00:00,3989.0
2025-11-24 05:00:00,3988.0
2025-11-24 06:00:00,3988.0
2025-11-24 07:00:00,3987.0
2025-11-24 08:00:00,3983.0
2025-11-24 09:00:00,3947.0
2025-11-24 10:00:00,3852.0
2025-11-24 11:00:00,3803.0
2025-11-24 12:00:00,3818.0
2025-11-24 13:00:00,3921.0
2025-11-24 14:00:00,3842.0
2025-11-24 15:00:00,3842.0
2025-11-24 16:00:00,3845.0
2025-11-24 17:00:00,3852.0
2025-11-24 18:00:00,3963.0
2025-11-24 19:00:00,4146.0
2025-11-24 20:00:00,4059.0
2025-11-24 21:00:00,4146.0
2025-11-24 22:00:00,4063.0
2025-11-24 23:00:00,4069.0
2025-11-25 00:00:00,4080.0
2025-11-25 01:00:00,4139.0
2025-11-25 02:00:00,4127.0
2025-11-25 03:00:00,4096.0
2025-11-25 04:00:00,4130.0
2025-11-25 05:00:00,4132.0
2025-11-25 06:00:00,4130.0
2025-11-25 07:00:00,3971.0
2025-11-25 08:00:00,3896.0
2025-11-25 09:00:00,4037.0
2025-11-25 10:00:00,3895.0
2025-11-25 11:00:00,3819.0
2025-11-25 12:00:00,3836.0
2025-11-25 13:00:00,3847.0
2025-11-25 14:00:00,3846.0
2025-11-25 15:00:00,3847.0
2025-11-25 16:00:00,3872.0
2025-11-25 17:00:00,4048.0
2025-11-25 18:00:00,4137.0
2025-11-25 19:00:00,4136.0
2025-11-25 20:00:00,4126.0
2025-11-25 21:00:00,4078.0
2025-11-25 22:00:00,4066.0
2025-11-25 23:00:00,4089.0
2025-11-26 00:00:00,4143.0
2025-11-26 01:00:00,4139.0
2025-11-26 02:00:00,4127.0
2025-11-26 03:00:00,4129.0
2025-11-26 04:00:00,4133.0
2025-11-26 05:00:00,4124.0
2025-11-26 06:00:00,4134.0
2025-11-26 07:00:00,4100.0
2025-11-26 08:00:00,4122.0
2025-11-26 09:00:00,4023.0
2025-11-26 10:00:00,3924.0
2025-11-26 11:00:00,3921.0
2025-11-26 12:00:00,3841.0
2025-11-26 13:00:00,3845.0
2025-11-26 14:00:00,3846.0
2025-11-26 15:00:00,3848.0
2025-11-26 16:00:00,3929.0
2025-11-26 17:00:00,4078.0
2025-11-26 18:00:00,4140.0
2025-11-26 19:00:00,4136.0
2025-11-26 20:00:00,4131.0
2025-11-26 21:00:00,4078.0
2025-11-26 22:00:00,4067.0
2025-11-26 23:00:00,4105.0
2025-11-27 00:00:00,4142.0
2025-11-27 01:00:00,4139.0
2025-11-27 02:00:00,4128.0
2025-11-27 03:00:00,4129.0
2025-11-27 04:00:00,4132.0
2025-11-27 05:00:00,4087.0
2025-11-27 06:00:00,4130.0
2025-11-27 07:00:00,4131.0
2025-11-27 08:00:00,4125.0
2025-11-27 09:00:00,4022.0
2025-11-27 10:00:00,3921.0
2025-11-27 11:00:00,3996.0
2025-11-27 12:00:00,3916.0
2025-11-27 13:00:00,3920.0
2025-11-27 14:00:00,3916.0
2025-11-27 15:00:00,3919.0
2025-11-27 16:00:00,3938.0
2025-11-27 17:00:00,4044.0
2025-11-27 18:00:00,4140.0
2025-11-27 19:00:00,4137.0
2025-11-27 20:00:00,4131.0
2025-11-27 21:00:00,4104.0
2025-11-27 22:00:00,4082.0
2025-11-27 23:00:00,4066.0
2025-11-28 00:00:00,4071.0
2025-11-28 01:00:00,4077.0
2025-11-28 02:00:00,4083.0
2025-11-28 03:00:00,4088.0
2025-11-28 04:00:00,4094.0
2025-11-28 05:00:00,4135.0
2025-11-28 06:00:00,4134.0
2025-11-28 07:00:00,4119.0
2025-11-28 08:00:00,4128.0
2025-11-28 09:00:00,4068.0
2025-11-28 10:00:00,3951.0
2025-11-28 11:00:00,3909.0
2025-11-28 12:00:00,3919.0
2025-11-28 13:00:00,3920.0
2025-11-28 14:00:00,3908.0
2025-11-28 15:00:00,3921.0
2025-11-28 16:00:00,3971.0
2025-11-28 17:00:00,4087.0
2025-11-28 18:00:00,4139.0
2025-11-28 19:00:00,4136.0
2025-11-28 20:00:00,4094.0
2025-11-28 21:00:00,4034.0
2025-11-28 22:00:00,3992.0
2025-11-28 23:00:00,4008.0
2025-11-29 00:00:00,4069.0
2025-11-29 01:00:00,4067.0
2025-11-29 02:00:00,4062.0
2025-11-29 03:00:00,4066.0
2025-11-29 04:00:00,4094.0
2025-11-29 05:00:00,4134.0
2025-11-29 06:00:00,4136.0
2025-11-29 07:00:00,4136.0
2025-11-29 08:00:00,3985.0
2025-11-29 09:00:00,4096.0
2025-11-29 10:00:00,3996.0
2025-11-29 11:00:00,3895.0
2025-11-29 12:00:00,3914.0
2025-11-29 13:00:00,3921.0
2025-11-29 14:00:00,3917.0
2025-11-29 15:00:00,3920.0
2025-11-29 16:00:00,3992.0
2025-11-29 17:00:00,4139.0
2025-11-29 18:00:00,4273.0
2025-11-29 19:00:00,4355.0
2025-11-29 20:00:00,4332.0
2025-11-29 21:00:00,4227.0
2025-11-29 22:00:00,4206.0
2025-11-29 23:00:00,4208.0
2025-11-30 00:00:00,4210.0
2025-11-30 01:00:00,4208.0
2025-11-30 02:00:00,4203.0
2025-11-30 03:00:00,4214.0
2025-11-30 04:00:00,4214.0
2025-11-30 05:00:00,4213.0
2025-11-30 06:00:00,4196.0
2025-11-30 07:00:00,4199.0
2025-11-30 08:00:00,4213.0
2025-11-30 09:00:00,4251.0
2025-11-30 10:00:00,4062.0
2025-11-30 11:00:00,3980.0
2025-11-30 12:00:00,3990.0
2025-11-30 13:00:00,3992.0
2025-11-30 14:00:00,3990.0
2025-11-30 15:00:00,3993.0
2025-11-30 16:00:00,4038.0
2025-11-30 17:00:00,4271.0
2025-11-30 18:00:00,4344.0
2025-11-30 19:00:00,4361.0
2025-11-30 20:00:00,4351.0
2025-11-30 21:00:00,4300.0
2025-11-30 22:00:00,4283.0
2025-11-30 23:00:00,4290.0
2025-12-01 00:00:00,4343.0
2025-12-01 01:00:00,4351.0
2025-12-01 02:00:00,4290.0
2025-12-01 03:00:00,4279.0
2025-12-01 04:00:00,4286.0
2025-12-01 05:00:00,4333.0
2025-12-01 06:00:00,4352.0
2025-12-01 07:00:00,4352.0
2025-12-01 08:00:00,4099.0
2025-12-01 09:00:00,3819.0
2025-12-01 10:00:00,3936.0
2025-12-01 11:00:00,3987.0
2025-12-01 12:00:00,4071.0
2025-12-01 13:00:00,3987.0
2025-12-01 14:00:00,3992.0
2025-12-01 15:00:00,3996.0
2025-12-01 16:00:00,4032.0
2025-12-01 17:00:00,4317.0
2025-12-01 18:00:00,4361.0
2025-12-01 19:00:00,4359.0
2025-12-01 20:00:00,4353.0
2025-12-01 21:00:00,4312.0
2025-12-01 22:00:00,4317.0
2025-12-01 23:00:00,4365.0
2025-12-02 00:00:00,4367.0
2025-12-02 01:00:00,4397.0
2025-12-02 02:00:00,4422.0
2025-12-02 03:00:00,4417.0
2025-12-02 04:00:00,4426.0
2025-12-02 05:00:00,4425.0
2025-12-02 06:00:00,4429.0
2025-12-02 07:00:00,4057.0
2025-12-02 08:00:00,3971.0
2025-12-02 09:00:00,4133.0
2025-12-02 10:00:00,4146.0
2025-12-02 11:00:00,4054.0
2025-12-02 12:00:00,4047.0
2025-12-02 13:00:00,4068.0
2025-12-02 14:00:00,4066.0
2025-12-02 15:00:00,4104.0
2025-12-02 16:00:00,4191.0
2025-12-02 17:00:00,4419.0
2025-12-02 18:00:00,4438.0
2025-12-02 19:00:00,4506.0
2025-12-02 20:00:00,4482.0
2025-12-02 21:00:00,4424.0
2025-12-02 22:00:00,4434.0
2025-12-02 23:00:00,4439.0
2025-12-03 00:00:00,4608.0
2025-12-03 01:00:00,4651.0
2025-12-03 02:00:00,4607.0
2025-12-03 03:00:00,4568.0
2025-12-03 04:00:00,4573.0
2025-12-03 05:00:00,4573.0
2025-12-03 06:00:00,4528.0
2025-12-03 07:00:00,4569.0
2025-12-03 08:00:00,4333.0
2025-12-03 09:00:00,4438.0
2025-12-03 10:00:00,4212.0
2025-12-03 11:00:00,4135.0
2025-12-03 12:00:00,4121.0
2025-12-03 13:00:00,4137.0
2025-12-03 14:00:00,4137.0
2025-12-03 15:00:00,4138.0
2025-12-03 16:00:00,4180.0
2025-12-03 17:00:00,4585.0
2025-12-03 18:00:00,4295.0
2025-12-03 19:00:00,4650.0
2025-12-03 20:00:00,4628.0
2025-12-03 21:00:00,4525.0
2025-12-03 22:00:00,4510.0
2025-12-03 23:00:00,4567.0
2025-12-04 00:00:00,4641.0
2025-12-04 01:00:00,4652.0
2025-12-04 02:00:00,4636.0
2025-12-04 03:00:00,4580.0
2025-12-04 04:00:00,4617.0
2025-12-04 05:00:00,4648.0
2025-12-04 06:00:00,4641.0
2025-12-04 07:00:00,4636.0
2025-12-04 08:00:00,4627.0
2025-12-04 09:00:00,4503.0
2025-12-04 10:00:00,4088.0
2025-12-04 11:00:00,4180.0
2025-12-04 12:00:00,4207.0
2025-12-04 13:00:00,4214.0
2025-12-04 14:00:00,4249.0
2025-12-04 15:00:00,4284.0
2025-12-04 16:00:00,4287.0
2025-12-04 17:00:00,4427.0
2025-12-04 18:00:00,4652.0
2025-12-04 19:00:00,4650.0
2025-12-04 20:00:00,4611.0
2025-12-04 21:00:00,4539.0
2025-12-04 22:00:00,4509.0
2025-12-04 23:00:00,4582.0
2025-12-05 00:00:00,4638.0
2025-12-05 01:00:00,4652.0
2025-12-05 02:00:00,4630.0
2025-12-05 03:00:00,4566.0
2025-12-05 04:00:00,4578.0
2025-12-05 05:00:00,4587.0
2025-12-05 06:00:00,4636.0
2025-12-05 07:00:00,4635.0
2025-12-05 08:00:00,4637.0
2025-12-05 09:00:00,4296.0
2025-12-05 10:00:00,4368.0
2025-12-05 11:00:00,4208.0
2025-12-05 12:00:00,4217.0
2025-12-05 13:00:00,4275.0
2025-12-05 14:00:00,4233.0
2025-12-05 15:00:00,4200.0
2025-12-05 16:00:00,4264.0
2025-12-05 17:00:00,4347.0
2025-12-05 18:00:00,4613.0
2025-12-05 19:00:00,4649.0
2025-12-05 20:00:00,4565.0
2025-12-05 21:00:00,4447.0
2025-12-05 22:00:00,4428.0
2025-12-05 23:00:00,4434.0
2025-12-06 00:00:00,4438.0
2025-12-06 01:00:00,4436.0
2025-12-06 02:00:00,4428.0
2025-12-06 03:00:00,4435.0
2025-12-06 04:00:00,4436.0
2025-12-06 05:00:00,4493.0
2025-12-06 06:00:00,4512.0
2025-12-06 07:00:00,4575.0
2025-12-06 08:00:00,4566.0
2025-12-06 09:00:00,4487.0
2025-12-06 10:00:00,4223.0
2025-12-06 11:00:00,4296.0
2025-12-06 12:00:00,4296.0
2025-12-06 13:00:00,4208.0
2025-12-06 14:00:00,4209.0
2025-12-06 15:00:00,4212.0
2025-12-06 16:00:00,4229.0
2025-12-06 17:00:00,4537.0
2025-12-06 18:00:00,4633.0
2025-12-06 19:00:00,4653.0
2025-12-06 20:00:00,4642.0
2025-12-06 21:00:00,4617.0
2025-12-06 22:00:00,4574.0
2025-12-06 23:00:00,4580.0
2025-12-07 00:00:00,4582.0
2025-12-07 01:00:00,4581.0
2025-12-07 02:00:00,4573.0
2025-12-07 03:00:00,4583.0
2025-12-07 04:00:00,4585.0
2025-12-07 05:00:00,4589.0
2025-12-07 06:00:00,4651.0
2025-12-07 07:00:00,4638.0
2025-12-07 08:00:00,4648.0
2025-12-07 09:00:00,4624.0
2025-12-07 10:00:00,4395.0
2025-12-07 11:00:00,4276.0
2025-12-07 12:00:00,4283.0
2025-12-07 13:00:00,4288.0
2025-12-07 14:00:00,4355.0
2025-12-07 15:00:00,4360.0
2025-12-07 16:00:00,4531.0
2025-12-07 17:00:00,4659.0
2025-12-07 18:00:00,4662.0
2025-12-07 19:00:00,4821.0
2025-12-07 20:00:00,4821.0
2025-12-07 21:00:00,4896.0
2025-12-07 22:00:00,4971.0
2025-12-07 23:00:00,4908.0
2025-12-08 00:00:00,4816.0
2025-12-08 01:00:00,4866.0
2025-12-08 02:00:00,4797.0
2025-12-08 03:00:00,4751.0
2025-12-08 04:00:00,4801.0
2025-12-08 05:00:00,4799.0
2025-12-08 06:00:00,4820.0
2025-12-08 07:00:00,4870.0
2025-12-08 08:00:00,4863.0
2025-12-08 09:00:00,4766.0
2025-12-08 10:00:00,4530.0
2025-12-08 11:00:00,4340.0
2025-12-08 12:00:00,4305.0
2025-12-08 13:00:00,4327.0
2025-12-08 14:00:00,4361.0
2025-12-08 15:00:00,4358.0
2025-12-08 16:00:00,4971.0
2025-12-08 17:00:00,4709.0
2025-12-08 18:00:00,4874.0
2025-12-08 19:00:00,4872.0
2025-12-08 20:00:00,4852.0
2025-12-08 21:00:00,4792.0
2025-12-08 22:00:00,4802.0
2025-12-08 23:00:00,4810.0
2025-12-09 00:00:00,4879.0
2025-12-09 01:00:00,4871.0
2025-12-09 02:00:00,4858.0
2025-12-09 03:00:00,4795.0
2025-12-09 04:00:00,4867.0
2025-12-09 05:00:00,4866.0
2025-12-09 06:00:00,4866.0
2025-12-09 07:00:00,4860.0
2025-12-09 08:00:00,4855.0
2025-12-09 09:00:00,4781.0
2025-12-09 10:00:00,4516.0
2025-12-09 11:00:00,4369.0
2025-12-09 12:00:00,4341.0
2025-12-09 13:00:00,4355.0
2025-12-09 14:00:00,4356.0
2025-12-09 15:00:00,4356.0
2025-12-09 16:00:00,4380.0
2025-12-09 17:00:00,4714.0
2025-12-09 18:00:00,4839.0
2025-12-09 19:00:00,4869.0
2025-12-09 20:00:00,4841.0
2025-12-09 21:00:00,4720.0
2025-12-09 22:00:00,4726.0
2025-12-09 23:00:00,4735.0
2025-12-10 00:00:00,4848.0
2025-12-10 01:00:00,4869.0
2025-12-10 02:00:00,4812.0
2025-12-10 03:00:00,4792.0
2025-12-10 04:00:00,4797.0
2025-12-10 05:00:00,4798.0
2025-12-10 06:00:00,4683.0
2025-12-10 07:00:00,4725.0
2025-12-10 08:00:00,4865.0
2025-12-10 09:00:00,4688.0
2025-12-10 10:00:00,4513.0
2025-12-10 11:00:00,4372.0
2025-12-10 12:00:00,4496.0
2025-12-10 13:00:00,4353.0
2025-12-10 14:00:00,4379.0
2025-12-10 15:00:00,4415.0
2025-12-10 16:00:00,4433.0
2025-12-10 17:00:00,4469.0
2025-12-10 18:00:00,4833.0
2025-12-10 19:00:00,4867.0
2025-12-10 20:00:00,4777.0
2025-12-10 21:00:00,4699.0
2025-12-10 22:00:00,4933.0
2025-12-10 23:00:00,4946.0
2025-12-11 00:00:00,4896.0
2025-12-11 01:00:00,4896.0
2025-12-11 02:00:00,4921.0
2025-12-11 03:00:00,4971.0
2025-12-11 04:00:00,4958.0
2025-12-11 05:00:00,4971.0
2025-12-11 06:00:00,4908.0
2025-12-11 07:00:00,4608.0
2025-12-11 08:00:00,4496.0
2025-12-11 09:00:00,4471.0
2025-12-11 10:00:00,4421.0
2025-12-11 11:00:00,4446.0
2025-12-11 12:00:00,4433.0
2025-12-11 13:00:00,4458.0
2025-12-11 14:00:00,4521.0
2025-12-11 15:00:00,4908.0
2025-12-11 16:00:00,4971.0
2025-12-11 17:00:00,4933.0
2025-12-11 18:00:00,4794.0
2025-12-11 19:00:00,4746.0
2025-12-11 20:00:00,4783.0
2025-12-11 21:00:00,4883.0
2025-12-11 22:00:00,4896.0
2025-12-11 23:00:00,4883.0
2025-12-12 00:00:00,4821.0
2025-12-12 01:00:00,4821.0
2025-12-12 02:00:00,4858.0
2025-12-12 03:00:00,4896.0
2025-12-12 04:00:00,4896.0
2025-12-12 05:00:00,4883.0
2025-12-12 06:00:00,4858.0
2025-12-12 07:00:00,4521.0
2025-12-12 08:00:00,4396.0
2025-12-12 09:00:00,4433.0
2025-12-12 10:00:00,4421.0
2025-12-12 11:00:00,4446.0
2025-12-12 12:00:00,4433.0
2025-12-12 13:00:00,4446.0
2025-12-12 14:00:00,4446.0
2025-12-12 15:00:00,4621.0
2025-12-12 16:00:00,4821.0
2025-12-12 17:00:00,4746.0
2025-12-12 18:00:00,4546.0
2025-12-12 19:00:00,4521.0
2025-12-12 20:00:00,4521.0
2025-12-12 21:00:00,4521.0
2025-12-12 22:00:00,4521.0
2025-12-12 23:00:00,4521.0
2025-12-13 00:00:00,4558.0
2025-12-13 01:00:00,4683.0
2025-12-13 02:00:00,4858.0
2025-12-13 03:00:00,5083.0
2025-12-13 04:00:00,5096.0
2025-12-13 05:00:00,5108.0
2025-12-13 06:00:00,4971.0
2025-12-13 07:00:00,4721.0
2025-12-13 08:00:00,4458.0
2025-12-13 09:00:00,4433.0
2025-12-13 10:00:00,4446.0
2025-12-13 11:00:00,4446.0
2025-12-13 12:00:00,4446.0
2025-12-13 13:00:00,4521.0
2025-12-13 14:00:00,4746.0
2025-12-13 15:00:00,4933.0
2025-12-13 16:00:00,4971.0
2025-12-13 17:00:00,4958.0
2025-12-13 18:00:00,4896.0
2025-12-13 19:00:00,4896.0
2025-12-13 20:00:00,4896.0
2025-12-13 21:00:00,4896.0
2025-12-13 22:00:00,4896.0
2025-12-13 23:00:00,4896.0
2025-12-14 00:00:00,4896.0
2025-12-14 01:00:00,4896.0
2025-12-14 02:00:00,4896.0
2025-12-14 03:00:00,4896.0
2025-12-14 04:00:00,4896.0
2025-12-14 05:00:00,4896.0
2025-12-14 06:00:00,4896.0
2025-12-14 07:00:00,4833.0
2025-12-14 08:00:00,4671.0
2025-12-14 09:00:00,4562.0
2025-12-14 10:00:00,4671.0
2025-12-14 11:00:00,4671.0
2025-12-14 12:00:00,4658.0
2025-12-14 13:00:00,4671.0
2025-12-14 14:00:00,4683.0
2025-12-14 15:00:00,4871.0
2025-12-14 16:00:00,4933.0
2025-12-14 17:00:00,4971.0
2025-12-14 18:00:00,4908.0
2025-12-14 19:00:00,4896.0
2025-12-14 20:00:00,4896.0
2025-12-14 21:00:00,4933.0
2025-12-14 22:00:00,4971.0
2025-12-14 23:00:00,4971.0
2025-12-15 00:00:00,4946.0
2025-12-15 01:00:00,4971.0
2025-12-15 02:00:00,4971.0
2025-12-15 03:00:00,4971.0
2025-12-15 04:00:00,4971.0
2025-12-15 05:00:00,4971.0
2025-12-15 06:00:00,4921.0
2025-12-15 07:00:00,4671.0
2025-12-15 08:00:00,4483.0
2025-12-15 09:00:00,4471.0
2025-12-15 10:00:00,4508.0
2025-12-15 11:00:00,4521.0
2025-12-15 12:00:00,4521.0
2025-12-15 13:00:00,4521.0
2025-12-15 14:00:00,4546.0
2025-12-15 15:00:00,4871.0
2025-12-15 16:00:00,4971.0
2025-12-15 17:00:00,4921.0
2025-12-15 18:00:00,4858.0
2025-12-15 19:00:00,4821.0
2025-12-15 20:00:00,4821.0
2025-12-15 21:00:00,4833.0
2025-12-15 22:00:00,4896.0
2025-12-15 23:00:00,4821.0
2025-12-16 00:00:00,4821.0
2025-12-16 01:00:00,4858.0
2025-12-16 02:00:00,4896.0
2025-12-16 03:00:00,4933.0
2025-12-16 04:00:00,4958.0
2025-12-16 05:00:00,4958.0
2025-12-16 06:00:00,4933.0
2025-12-16 07:00:00,4696.0
2025-12-16 08:00:00,4458.0
2025-12-16 09:00:00,4458.0
2025-12-16 10:00:00,4458.0
2025-12-16 11:00:00,4508.0
2025-12-16 12:00:00,4521.0
2025-12-16 13:00:00,4521.0
2025-12-16 14:00:00,4671.0
2025-12-16 15:00:00,4958.0
2025-12-16 16:00:00,4971.0
2025-12-16 17:00:00,4958.0
2025-12-16 18:00:00,4896.0
2025-12-16 19:00:00,4896.0
2025-12-16 20:00:00,4896.0
2025-12-16 21:00:00,4896.0
2025-12-16 22:00:00,4896.0
2025-12-16 23:00:00,4896.0
2025-12-17 00:00:00,4883.0
2025-12-17 01:00:00,4896.0
2025-12-17 02:00:00,4958.0
2025-12-17 03:00:00,4971.0
2025-12-17 04:00:00,4971.0
2025-12-17 05:00:00,4971.0
2025-12-17 06:00:00,4871.0
2025-12-17 07:00:00,4708.0
2025-12-17 08:00:00,4496.0
2025-12-17 09:00:00,4496.0
2025-12-17 10:00:00,4508.0
2025-12-17 11:00:00,4508.0
2025-12-17 12:00:00,4521.0
2025-12-17 13:00:00,4508.0
2025-12-17 14:00:00,4808.0
2025-12-17 15:00:00,4958.0
2025-12-17 16:00:00,4971.0
2025-12-17 17:00:00,4958.0
2025-12-17 18:00:00,4896.0
2025-12-17 19:00:00,4896.0
2025-12-17 20:00:00,4896.0
2025-12-17 21:00:00,4896.0
2025-12-17 22:00:00,4896.0
2025-12-17 23:00:00,4896.0
2025-12-18 00:00:00,4896.0
2025-12-18 01:00:00,4896.0
2025-12-18 02:00:00,4933.0
2025-12-18 03:00:00,4971.0
2025-12-18 04:00:00,4971.0
2025-12-18 05:00:00,4971.0
2025-12-18 06:00:00,4921.0
2025-12-18 07:00:00,4708.0
2025-12-18 08:00:00,4521.0
2025-12-18 09:00:00,4508.0
2025-12-18 10:00:00,4521.0
2025-12-18 11:00:00,4521.0
2025-12-18 12:00:00,4521.0
2025-12-18 13:00:00,4671.0
2025-12-18 14:00:00,4883.0
2025-12-18 15:00:00,4971.0
2025-12-18 16:00:00,4971.0
2025-12-18 17:00:00,4958.0
2025-12-18 18:00:00,4908.0
2025-12-18 19:00:00,4896.0
2025-12-18 20:00:00,4896.0
2025-12-18 21:00:00,4933.0
2025-12-18 22:00:00,4802.0
2025-12-18 23:00:00,4808.0
2025-12-19 00:00:00,4851.0
2025-12-19 01:00:00,4873.0
2025-12-19 02:00:00,4863.0
2025-12-19 03:00:00,4971.0
2025-12-19 04:00:00,4874.0
2025-12-19 05:00:00,4876.0
2025-12-19 06:00:00,4877.0
2025-12-19 07:00:00,4873.0
2025-12-19 08:00:00,4867.0
2025-12-19 09:00:00,4798.0
2025-12-19 10:00:00,4571.0
2025-12-19 11:00:00,4479.0
2025-12-19 12:00:00,4422.0
2025-12-19 13:00:00,4422.0
2025-12-19 14:00:00,4427.0
2025-12-19 15:00:00,4429.0
2025-12-19 16:00:00,4438.0
2025-12-19 17:00:00,4569.0
2025-12-19 18:00:00,4770.0
2025-12-19 19:00:00,4840.0
2025-12-19 20:00:00,4759.0
2025-12-19 21:00:00,4657.0
2025-12-19 22:00:00,4650.0
2025-12-19 23:00:00,4746.0
2025-12-20 00:00:00,4658.0
2025-12-20 01:00:00,4656.0
2025-12-20 02:00:00,4896.0
2025-12-20 03:00:00,4685.0
2025-12-20 04:00:00,4754.0
2025-12-20 05:00:00,4805.0
2025-12-20 06:00:00,4867.0
2025-12-20 07:00:00,4870.0
2025-12-20 08:00:00,4869.0
2025-12-20 09:00:00,4828.0
2025-12-20 10:00:00,4542.0
2025-12-20 11:00:00,4384.0
2025-12-20 12:00:00,4420.0
2025-12-20 13:00:00,4429.0
2025-12-20 14:00:00,4425.0
2025-12-20 15:00:00,4430.0
2025-12-20 16:00:00,4440.0
2025-12-20 17:00:00,4626.0
2025-12-20 18:00:00,4839.0
2025-12-20 19:00:00,4868.0
2025-12-20 20:00:00,4839.0
2025-12-20 21:00:00,4739.0
2025-12-20 22:00:00,4720.0
2025-12-20 23:00:00,4723.0
2025-12-21 00:00:00,4725.0
2025-12-21 01:00:00,4723.0
2025-12-21 02:00:00,4718.0
2025-12-21 03:00:00,4732.0
2025-12-21 04:00:00,4734.0
2025-12-21 05:00:00,4733.0
2025-12-21 06:00:00,4733.0
2025-12-21 07:00:00,4732.0
2025-12-21 08:00:00,4768.0
2025-12-21 09:00:00,4786.0
2025-12-21 10:00:00,4631.0
2025-12-21 11:00:00,4456.0
2025-12-21 12:00:00,4431.0
2025-12-21 13:00:00,4456.0
2025-12-21 14:00:00,4506.0
2025-12-21 15:00:00,4527.0
2025-12-21 16:00:00,4663.0
2025-12-21 17:00:00,4758.0
2025-12-21 18:00:00,4807.0
2025-12-21 19:00:00,4809.0
2025-12-21 20:00:00,4797.0
2025-12-21 21:00:00,4717.0
2025-12-21 22:00:00,4722.0
2025-12-21 23:00:00,4726.0
2025-12-22 00:00:00,4821.0
2025-12-22 01:00:00,4724.0
2025-12-22 02:00:00,4716.0
2025-12-22 03:00:00,4724.0
2025-12-22 04:00:00,4731.0
2025-12-22 05:00:00,4729.0
2025-12-22 06:00:00,4729.0
2025-12-22 07:00:00,4726.0
2025-12-22 08:00:00,4728.0
2025-12-22 09:00:00,4687.0
2025-12-22 10:00:00,4465.0
2025-12-22 11:00:00,4382.0
2025-12-22 12:00:00,4367.0
2025-12-22 13:00:00,4432.0
2025-12-22 14:00:00,4427.0
2025-12-22 15:00:00,4428.0
2025-12-22 16:00:00,4446.0
2025-12-22 17:00:00,4643.0
2025-12-22 18:00:00,4730.0
2025-12-22 19:00:00,4729.0
2025-12-22 20:00:00,4720.0
2025-12-22 21:00:00,4659.0
2025-12-22 22:00:00,4658.0
2025-12-22 23:00:00,4694.0
2025-12-23 00:00:00,4732.0
2025-12-23 01:00:00,4729.0
2025-12-23 02:00:00,4719.0
2025-12-23 03:00:00,4726.0
2025-12-23 04:00:00,4730.0
2025-12-23 05:00:00,4733.0
2025-12-23 06:00:00,4732.0
2025-12-23 07:00:00,4779.0
2025-12-23 08:00:00,4828.0
2025-12-23 09:00:00,4743.0
2025-12-23 10:00:00,4478.0
2025-12-23 11:00:00,4336.0
2025-12-23 12:00:00,4353.0
2025-12-23 13:00:00,4391.0
2025-12-23 14:00:00,4417.0
2025-12-23 15:00:00,4378.0
2025-12-23 16:00:00,4435.0
2025-12-23 17:00:00,4545.0
2025-12-23 18:00:00,4721.0
2025-12-23 19:00:00,4729.0
2025-12-23 20:00:00,4702.0
2025-12-23 21:00:00,4589.0
2025-12-23 22:00:00,4582.0
2025-12-23 23:00:00,4631.0
2025-12-24 00:00:00,4705.0
2025-12-24 01:00:00,4725.0
2025-12-24 02:00:00,4716.0
2025-12-24 03:00:00,4722.0
2025-12-24 04:00:00,4726.0
2025-12-24 05:00:00,4728.0
2025-12-24 06:00:00,4728.0
2025-12-24 07:00:00,4728.0
2025-12-24 08:00:00,4714.0
2025-12-24 09:00:00,4647.0
2025-12-24 10:00:00,4450.0
2025-12-24 11:00:00,4335.0
2025-12-24 12:00:00,4330.0
2025-12-24 13:00:00,4340.0
2025-12-24 14:00:00,4354.0
2025-12-24 15:00:00,4351.0
2025-12-24 16:00:00,4364.0
2025-12-24 17:00:00,4412.0
2025-12-24 18:00:00,4669.0
2025-12-24 19:00:00,4723.0
2025-12-24 20:00:00,4683.0
2025-12-24 21:00:00,4602.0
2025-12-24 22:00:00,4580.0
2025-12-24 23:00:00,4585.0
2025-12-25 00:00:00,4638.0
2025-12-25 01:00:00,4654.0
2025-12-25 02:00:00,4646.0
2025-12-25 03:00:00,4651.0
2025-12-25 04:00:00,4658.0
2025-12-25 05:00:00,4659.0
2025-12-25 06:00:00,4661.0
2025-12-25 07:00:00,4704.0
2025-12-25 08:00:00,4718.0
2025-12-25 09:00:00,4641.0
2025-12-25 10:00:00,4392.0
2025-12-25 11:00:00,4316.0
2025-12-25 12:00:00,4313.0
2025-12-25 13:00:00,4338.0
2025-12-25 14:00:00,4341.0
2025-12-25 15:00:00,4334.0
2025-12-25 16:00:00,4361.0
2025-12-25 17:00:00,4388.0
2025-12-25 18:00:00,4621.0
2025-12-25 19:00:00,4659.0
2025-12-25 20:00:00,4646.0
2025-12-25 21:00:00,4579.0
2025-12-25 22:00:00,4579.0
2025-12-25 23:00:00,4584.0
2025-12-26 00:00:00,4587.0
2025-12-26 01:00:00,4615.0
2025-12-26 02:00:00,4645.0
2025-12-26 03:00:00,4646.0
2025-12-26 04:00:00,4650.5
2025-12-26 05:00:00,4655.0
2025-12-26 06:00:00,4645.0
2025-12-26 07:00:00,4652.0
2025-12-26 08:00:00,4650.0
2025-12-26 09:00:00,4561.0
2025-12-26 10:00:00,4357.0
2025-12-26 11:00:00,4275.0
2025-12-26 12:00:00,4277.0
2025-12-26 13:00:00,4261.0
2025-12-26 14:00:00,4278.0
2025-12-26 15:00:00,4272.0
2025-12-26 16:00:00,4303.0
2025-12-26 17:00:00,4334.0
2025-12-26 18:00:00,4566.0
2025-12-26 19:00:00,4586.0
2025-12-26 20:00:00,4545.0
2025-12-26 21:00:00,4446.0
2025-12-26 22:00:00,4430.0
2025-12-26 23:00:00,4435.0
2025-12-27 00:00:00,4435.0
2025-12-27 01:00:00,4434.0
2025-12-27 02:00:00,4429.0
2025-12-27 03:00:00,4438.0
2025-12-27 04:00:00,4462.0
2025-12-27 05:00:00,4549.0
2025-12-27 06:00:00,4604.0
2025-12-27 07:00:00,4651.0
2025-12-27 08:00:00,4650.0
2025-12-27 09:00:00,4596.0
2025-12-27 10:00:00,4341.0
2025-12-27 11:00:00,4205.0
2025-12-27 12:00:00,4211.0
2025-12-27 13:00:00,4216.0
2025-12-27 14:00:00,4268.0
2025-12-27 15:00:00,4279.0
2025-12-27 16:00:00,4290.0
2025-12-27 17:00:00,4429.0
2025-12-27 18:00:00,4629.0
2025-12-27 19:00:00,4649.0
2025-12-27 20:00:00,4635.0
2025-12-27 21:00:00,4570.0
2025-12-27 22:00:00,4571.0
2025-12-27 23:00:00,4575.0
2025-12-28 00:00:00,4575.0
2025-12-28 01:00:00,4575.0
2025-12-28 02:00:00,4570.0
2025-12-28 03:00:00,4584.0
2025-12-28 04:00:00,4587.0
2025-12-28 05:00:00,4582.0
2025-12-28 06:00:00,4583.0
2025-12-28 07:00:00,4584.0
2025-12-28 08:00:00,4581.0
2025-12-28 09:00:00,4563.0
2025-12-28 10:00:00,4401.0
2025-12-28 11:00:00,4285.0
2025-12-28 12:00:00,4286.0
2025-12-28 13:00:00,4322.0
2025-12-28 14:00:00,4355.0
2025-12-28 15:00:00,4355.0
2025-12-28 16:00:00,4366.0
2025-12-28 17:00:00,4503.0
2025-12-28 18:00:00,4588.0
2025-12-28 19:00:00,4587.0
2025-12-28 20:00:00,4578.0
2025-12-28 21:00:00,4569.0
2025-12-28 22:00:00,4574.5
2025-12-28 23:00:00,4580.0
2025-12-29 00:00:00,4584.0
2025-12-29 01:00:00,4578.0
2025-12-29 02:00:00,4571.0
2025-12-29 03:00:00,4577.0
2025-12-29 04:00:00,4585.0
2025-12-29 05:00:00,4585.0
2025-12-29 06:00:00,4584.0
2025-12-29 07:00:00,4586.0
2025-12-29 08:00:00,4587.0
2025-12-29 09:00:00,4534.0
2025-12-29 10:00:00,4339.0
2025-12-29 11:00:00,4284.0
2025-12-29 12:00:00,4280.0
2025-12-29 13:00:00,4287.0
2025-12-29 14:00:00,4287.0
2025-12-29 15:00:00,4322.5
2025-12-29 16:00:00,4358.0
2025-12-29 17:00:00,4442.0
2025-12-29 18:00:00,4535.0
2025-12-29 19:00:00,4640.0
2025-12-29 20:00:00,4629.0
2025-12-29 21:00:00,4594.0
2025-12-29 22:00:00,4584.0
2025-12-29 23:00:00,4623.0
2025-12-30 00:00:00,4661.0
2025-12-30 01:00:00,4657.0
2025-12-30 02:00:00,4649.0
2025-12-30 03:00:00,4654.0
2025-12-30 04:00:00,4663.0
2025-12-30 05:00:00,4377.0
2025-12-30 06:00:00,4203.0
2025-12-30 07:00:00,4364.0
2025-12-30 08:00:00,4637.0
2025-12-30 09:00:00,4517.5
2025-12-30 10:00:00,4398.0
2025-12-30 11:00:00,4282.0
2025-12-30 12:00:00,4286.0
2025-12-30 13:00:00,4304.5
2025-12-30 14:00:00,4323.0
2025-12-30 15:00:00,4355.0
2025-12-30 16:00:00,4325.0
2025-12-30 17:00:00,4527.0
2025-12-30 18:00:00,4702.0
2025-12-30 19:00:00,4773.0
2025-12-30 20:00:00,4743.0
2025-12-30 21:00:00,4628.0
2025-12-30 22:00:00,4648.0
2025-12-30 23:00:00,4659.0
2025-12-31 00:00:00,4680.0
2025-12-31 01:00:00,4731.0
2025-12-31 02:00:00,4721.0
2025-12-31 03:00:00,4730.0
2025-12-31 04:00:00,4717.0
2025-12-31 05:00:00,4722.0
2025-12-31 06:00:00,4733.0
2025-12-31 07:00:00,4800.0
2025-12-31 08:00:00,4794.0
2025-12-31 09:00:00,4696.0
2025-12-31 10:00:00,4418.0
2025-12-31 11:00:00,4357.0
2025-12-31 12:00:00,4355.0
2025-12-31 13:00:00,4363.0
2025-12-31 14:00:00,4364.0
2025-12-31 15:00:00,4365.0
2025-12-31 16:00:00,4388.0
2025-12-31 17:00:00,4631.0
2025-12-31 18:00:00,4704.0
2025-12-31 19:00:00,4678.0
2025-12-31 20:00:00,4572.0
2025-12-31 21:00:00,4551.0
2025-12-31 22:00:00,4576.0
2025-12-31 23:00:00,4582.0
2026-01-01 00:00:00,4582.5
2026-01-01 01:00:00,4583.0
2026-01-01 02:00:00,4578.0
2026-01-01 03:00:00,4583.0
2026-01-01 04:00:00,4588.0
2026-01-01 05:00:00,4639.0
2026-01-01 06:00:00,4731.0
2026-01-01 07:00:00,4764.0
2026-01-01 08:00:00,4799.0
2026-01-01 09:00:00,4767.0
2026-01-01 10:00:00,4483.0
2026-01-01 11:00:00,4332.0
2026-01-01 12:00:00,4287.0
2026-01-01 13:00:00,4288.0
2026-01-01 14:00:00,4287.0
2026-01-01 15:00:00,4290.0
2026-01-01 16:00:00,4362.0
2026-01-01 17:00:00,4467.0
2026-01-01 18:00:00,4660.0
2026-01-01 19:00:00,4713.0
2026-01-01 20:00:00,4657.5
2026-01-01 21:00:00,4602.0
2026-01-01 22:00:00,4576.0
2026-01-01 23:00:00,4579.0
2026-01-02 00:00:00,4580.0
2026-01-02 01:00:00,4577.0
2026-01-02 02:00:00,4572.0
2026-01-02 03:00:00,4548.0
2026-01-02 04:00:00,4586.0
2026-01-02 05:00:00,4589.0
2026-01-02 06:00:00,4613.0
2026-01-02 07:00:00,4647.0
2026-01-02 08:00:00,4681.0
2026-01-02 09:00:00,4660.0
2026-01-02 10:00:00,4392.0
2026-01-02 11:00:00,4266.0
2026-01-02 12:00:00,4252.0
2026-01-02 13:00:00,4327.0
2026-01-02 14:00:00,4338.0
2026-01-02 15:00:00,4341.0
2026-01-02 16:00:00,4375.0
2026-01-02 17:00:00,4673.0
2026-01-02 18:00:00,4727.0
2026-01-02 19:00:00,4730.0
2026-01-02 20:00:00,4722.0
2026-01-02 21:00:00,4685.0
2026-01-02 22:00:00,4655.0
2026-01-02 23:00:00,4657.0
2026-01-03 00:00:00,4660.0
2026-01-03 01:00:00,4658.0
2026-01-03 02:00:00,4655.5
2026-01-03 03:00:00,4653.0
2026-01-03 04:00:00,4663.0
2026-01-03 05:00:00,4730.0
2026-01-03 06:00:00,4730.0
2026-01-03 07:00:00,4727.0
2026-01-03 08:00:00,4727.0
2026-01-03 09:00:00,4688.0
2026-01-03 10:00:00,4511.0
2026-01-03 11:00:00,4335.0
2026-01-03 12:00:00,4350.0
2026-01-03 13:00:00,4358.0
2026-01-03 14:00:00,4355.0
2026-01-03 15:00:00,4356.0
2026-01-03 16:00:00,4376.0
2026-01-03 17:00:00,4636.0
2026-01-03 18:00:00,4732.0
2026-01-03 19:00:00,4733.0
2026-01-03 20:00:00,4723.0
2026-01-03 21:00:00,4719.0
2026-01-03 22:00:00,4723.0
2026-01-03 23:00:00,4728.0
2026-01-04 00:00:00,4731.0
2026-01-04 01:00:00,4728.0
2026-01-04 02:00:00,4722.0
2026-01-04 03:00:00,4670.0
2026-01-04 04:00:00,4724.0
2026-01-04 05:00:00,4712.0
2026-01-04 06:00:00,4709.0
2026-01-04 07:00:00,4688.0
2026-01-04 08:00:00,4609.0
2026-01-04 09:00:00,4537.0
2026-01-04 10:00:00,4521.0
2026-01-04 11:00:00,4386.0
2026-01-04 12:00:00,4354.0
2026-01-04 13:00:00,4363.0
2026-01-04 14:00:00,4335.0
2026-01-04 15:00:00,4326.0
2026-01-04 16:00:00,4438.0
2026-01-04 17:00:00,4637.0
2026-01-04 18:00:00,4706.0
2026-01-04 19:00:00,4686.0
2026-01-04 20:00:00,4701.0
2026-01-04 21:00:00,4653.0
2026-01-04 22:00:00,4622.0
2026-01-04 23:00:00,4735.0
2026-01-05 00:00:00,4766.0
2026-01-05 01:00:00,4833.0
2026-01-05 02:00:00,4859.0
2026-01-05 03:00:00,4727.0
2026-01-05 04:00:00,4734.0
2026-01-05 05:00:00,4839.0
2026-01-05 06:00:00,4867.0
2026-01-05 07:00:00,4869.0
2026-01-05 08:00:00,4865.0
2026-01-05 09:00:00,4754.0
2026-01-05 10:00:00,4428.0
2026-01-05 11:00:00,4333.0
2026-01-05 12:00:00,4345.0
2026-01-05 13:00:00,4355.0
2026-01-05 14:00:00,4326.0
2026-01-05 15:00:00,4343.0
2026-01-05 16:00:00,4387.0
2026-01-05 17:00:00,4589.0
2026-01-05 18:00:00,4731.0
2026-01-05 19:00:00,4744.0
2026-01-05 20:00:00,4650.5
2026-01-05 21:00:00,4557.0
2026-01-05 22:00:00,4580.0
2026-01-05 23:00:00,4598.0
2026-01-06 00:00:00,4705.0
2026-01-06 01:00:00,4722.0
2026-01-06 02:00:00,4718.0
2026-01-06 03:00:00,4588.0
2026-01-06 04:00:00,4697.0
2026-01-06 05:00:00,4730.0
2026-01-06 06:00:00,4728.0
2026-01-06 07:00:00,4730.0
2026-01-06 08:00:00,4585.0
2026-01-06 09:00:00,4546.0
2026-01-06 10:00:00,4360.0
2026-01-06 11:00:00,4320.0
2026-01-06 12:00:00,4331.0
2026-01-06 13:00:00,4340.0
2026-01-06 14:00:00,4313.0
2026-01-06 15:00:00,4215.0
2026-01-06 16:00:00,4273.0
2026-01-06 17:00:00,4352.0
2026-01-06 18:00:00,4633.0
2026-01-06 19:00:00,4647.0
2026-01-06 20:00:00,4613.0
2026-01-06 21:00:00,4492.0
2026-01-06 22:00:00,4566.0
2026-01-06 23:00:00,4626.0
2026-01-07 00:00:00,4663.0
2026-01-07 01:00:00,4662.0
2026-01-07 02:00:00,4652.0
2026-01-07 03:00:00,4578.0
2026-01-07 04:00:00,4615.0
2026-01-07 05:00:00,4621.0
2026-01-07 06:00:00,4689.0
2026-01-07 07:00:00,4716.0
2026-01-07 08:00:00,4650.0
2026-01-07 09:00:00,4608.0
2026-01-07 10:00:00,4374.0
2026-01-07 11:00:00,4282.0
2026-01-07 12:00:00,4301.0
2026-01-07 13:00:00,4318.0
2026-01-07 14:00:00,4352.0
2026-01-07 15:00:00,4351.0
2026-01-07 16:00:00,4362.0
2026-01-07 17:00:00,4395.0
2026-01-07 18:00:00,4636.0
2026-01-07 19:00:00,4712.0
2026-01-07 20:00:00,4649.0
2026-01-07 21:00:00,4491.0
2026-01-07 22:00:00,4546.0
2026-01-07 23:00:00,4627.0
2026-01-08 00:00:00,4659.0
2026-01-08 01:00:00,4656.0
2026-01-08 02:00:00,4641.0
2026-01-08 03:00:00,4581.0
2026-01-08 04:00:00,4653.0
2026-01-08 05:00:00,4571.0
2026-01-08 06:00:00,4584.0
2026-01-08 07:00:00,4709.0
2026-01-08 08:00:00,4694.0
2026-01-08 09:00:00,4586.0
2026-01-08 10:00:00,4419.0
2026-01-08 11:00:00,4285.0
2026-01-08 12:00:00,4301.0
2026-01-08 13:00:00,4273.0
2026-01-08 14:00:00,4345.0
2026-01-08 15:00:00,4322.0
2026-01-08 16:00:00,4352.0
2026-01-08 17:00:00,4398.0
2026-01-08 18:00:00,4633.0
2026-01-08 19:00:00,4623.0
2026-01-08 20:00:00,4613.0
2026-01-08 21:00:00,4503.0
2026-01-08 22:00:00,4533.0
2026-01-08 23:00:00,4563.0
2026-01-09 00:00:00,4605.0
2026-01-09 01:00:00,4655.0
2026-01-09 02:00:00,4644.0
2026-01-09 03:00:00,4556.0
2026-01-09 04:00:00,4659.0
2026-01-09 05:00:00,4659.0
2026-01-09 06:00:00,4656.0
2026-01-09 07:00:00,4653.0
2026-01-09 08:00:00,4654.0
2026-01-09 09:00:00,4606.0
2026-01-09 10:00:00,4398.0
2026-01-09 11:00:00,4365.0
2026-01-09 12:00:00,4332.0
2026-01-09 13:00:00,4351.0
2026-01-09 14:00:00,4351.0
2026-01-09 15:00:00,4349.0
2026-01-09 16:00:00,4342.0
2026-01-09 17:00:00,4472.0
2026-01-09 18:00:00,4629.0
2026-01-09 19:00:00,4635.0
2026-01-09 20:00:00,4636.0
2026-01-09 21:00:00,4569.0
2026-01-09 22:00:00,4579.0
2026-01-09 23:00:00,4585.0
2026-01-10 00:00:00,4587.0
2026-01-10 01:00:00,4585.0
2026-01-10 02:00:00,4579.0
2026-01-10 03:00:00,4571.0
2026-01-10 04:00:00,4587.0
2026-01-10 05:00:00,4631.0
2026-01-10 06:00:00,4651.0
2026-01-10 07:00:00,4626.0
2026-01-10 08:00:00,4613.0
2026-01-10 09:00:00,4588.0
2026-01-10 10:00:00,4418.0
2026-01-10 11:00:00,4344.0
2026-01-10 12:00:00,4353.0
2026-01-10 13:00:00,4361.0
2026-01-10 14:00:00,4361.0
2026-01-10 15:00:00,4366.0
2026-01-10 16:00:00,4518.0
2026-01-10 17:00:00,4629.0
2026-01-10 18:00:00,4658.0
2026-01-10 19:00:00,4657.0
2026-01-10 20:00:00,4645.0
2026-01-10 21:00:00,4575.0
2026-01-10 22:00:00,4580.0
2026-01-10 23:00:00,4583.0
2026-01-11 00:00:00,4585.0
2026-01-11 01:00:00,4583.0
2026-01-11 02:00:00,4578.0
2026-01-11 03:00:00,4586.0
2026-01-11 04:00:00,4613.0
2026-01-11 05:00:00,4658.0
2026-01-11 06:00:00,4656.0
2026-01-11 07:00:00,4656.0
2026-01-11 08:00:00,4653.0
2026-01-11 09:00:00,4637.0
2026-01-11 10:00:00,4469.0
2026-01-11 11:00:00,4355.0
2026-01-11 12:00:00,4363.0
2026-01-11 13:00:00,4437.0
2026-01-11 14:00:00,4499.0
2026-01-11 15:00:00,4506.0
2026-01-11 16:00:00,4547.0
2026-01-11 17:00:00,4652.0
2026-01-11 18:00:00,4688.0
2026-01-11 19:00:00,4731.0
2026-01-11 20:00:00,4722.0
2026-01-11 21:00:00,4674.0
2026-01-11 22:00:00,4653.0
2026-01-11 23:00:00,4658.0
2026-01-12 00:00:00,4659.0
2026-01-12 01:00:00,4654.0
2026-01-12 02:00:00,4644.0
2026-01-12 03:00:00,4608.0
2026-01-12 04:00:00,4657.0
2026-01-12 05:00:00,4657.0
2026-01-12 06:00:00,4658.0
2026-01-12 07:00:00,4658.0
2026-01-12 08:00:00,4653.0
2026-01-12 09:00:00,4563.0
2026-01-12 10:00:00,4384.0
2026-01-12 11:00:00,4339.0
2026-01-12 12:00:00,4339.0
2026-01-12 13:00:00,4343.0
2026-01-12 14:00:00,4356.0
2026-01-12 15:00:00,4333.0
2026-01-12 16:00:00,4371.0
2026-01-12 17:00:00,4522.0
2026-01-12 18:00:00,4561.0
2026-01-12 19:00:00,4600.0
2026-01-12 20:00:00,4597.0
2026-01-12 21:00:00,4589.333333333333
2026-01-12 22:00:00,4581.666666666667
2026-01-12 23:00:00,4574.0
2026-01-13 00:00:00,4632.0
2026-01-13 01:00:00,4619.0
2026-01-13 02:00:00,4621.0
2026-01-13 03:00:00,4620.0
2026-01-13 04:00:00,4651.0
2026-01-13 05:00:00,4656.0
2026-01-13 06:00:00,4659.0
2026-01-13 07:00:00,4709.0
2026-01-13 08:00:00,4718.0
2026-01-13 09:00:00,4559.0
2026-01-13 10:00:00,4339.0
2026-01-13 11:00:00,4332.0
2026-01-13 12:00:00,4327.0
2026-01-13 13:00:00,4355.0
2026-01-13 14:00:00,4346.0
2026-01-13 15:00:00,4355.0
2026-01-13 16:00:00,4364.0
2026-01-13 17:00:00,4484.0
2026-01-13 18:00:00,4620.0
2026-01-13 19:00:00,4646.0
2026-01-13 20:00:00,4559.0
2026-01-13 21:00:00,4547.5
2026-01-13 22:00:00,4536.0
2026-01-13 23:00:00,4588.0
2026-01-14 00:00:00,4640.0
2026-01-14 01:00:00,4655.0
2026-01-14 02:00:00,4649.0
2026-01-14 03:00:00,4631.0
2026-01-14 04:00:00,4656.0
2026-01-14 05:00:00,4643.0
2026-01-14 06:00:00,4661.0
2026-01-14 07:00:00,4683.0
2026-01-14 08:00:00,4713.0
2026-01-14 09:00:00,4594.0
2026-01-14 10:00:00,4375.0
2026-01-14 11:00:00,4316.0
2026-01-14 12:00:00,4319.0
2026-01-14 13:00:00,4306.0
2026-01-14 14:00:00,4336.0
2026-01-14 15:00:00,4296.0
2026-01-14 16:00:00,4346.0
2026-01-14 17:00:00,4493.0
2026-01-14 18:00:00,4628.0
2026-01-14 19:00:00,4630.0
2026-01-14 20:00:00,4632.0
2026-01-14 21:00:00,4494.0
2026-01-14 22:00:00,4538.0
2026-01-14 23:00:00,4570.0
2026-01-15 00:00:00,4640.0
2026-01-15 01:00:00,4655.0
2026-01-15 02:00:00,4648.0
2026-01-15 03:00:00,4651.0
2026-01-15 04:00:00,4658.0
2026-01-15 05:00:00,4660.0
2026-01-15 06:00:00,4657.0
2026-01-15 07:00:00,4679.0
2026-01-15 08:00:00,4715.0
2026-01-15 09:00:00,4582.0
2026-01-15 10:00:00,4398.0
2026-01-15 11:00:00,4337.0
2026-01-15 12:00:00,4312.0
2026-01-15 13:00:00,4345.0
2026-01-15 14:00:00,4156.0
2026-01-15 15:00:00,4217.0
2026-01-15 16:00:00,4395.0
2026-01-15 17:00:00,4584.0
2026-01-15 18:00:00,4670.0
2026-01-15 19:00:00,4711.0
2026-01-15 20:00:00,4674.0
2026-01-15 21:00:00,4614.0
2026-01-15 22:00:00,4575.0
2026-01-15 23:00:00,4642.0
2026-01-16 00:00:00,4661.0
2026-01-16 01:00:00,4657.0
2026-01-16 02:00:00,4651.0
2026-01-16 03:00:00,4655.0
2026-01-16 04:00:00,4659.0
2026-01-16 05:00:00,4648.0
2026-01-16 06:00:00,4661.0
2026-01-16 07:00:00,4706.0
2026-01-16 08:00:00,4723.0
2026-01-16 09:00:00,4333.0
2026-01-16 10:00:00,4348.0
2026-01-16 11:00:00,4313.0
2026-01-16 12:00:00,4201.0
2026-01-16 13:00:00,4267.0
2026-01-16 14:00:00,4304.0
2026-01-16 15:00:00,4275.0
2026-01-16 16:00:00,4363.0
2026-01-16 17:00:00,4613.0
2026-01-16 18:00:00,4643.0
2026-01-16 19:00:00,4689.0
2026-01-16 20:00:00,4617.0
2026-01-16 21:00:00,4560.0
2026-01-16 22:00:00,4575.0
2026-01-16 23:00:00,4571.5
2026-01-17 00:00:00,4568.0
2026-01-17 01:00:00,4650.0
2026-01-17 02:00:00,4651.0
2026-01-17 03:00:00,4661.0
2026-01-17 04:00:00,4664.0
2026-01-17 05:00:00,4674.0
2026-01-17 06:00:00,4730.0
2026-01-17 07:00:00,4728.0
2026-01-17 08:00:00,4718.0
2026-01-17 09:00:00,4687.0
2026-01-17 10:00:00,4479.0
2026-01-17 11:00:00,4281.0
2026-01-17 12:00:00,4291.0
2026-01-17 13:00:00,4378.0
2026-01-17 14:00:00,4474.0
2026-01-17 15:00:00,4505.0
2026-01-17 16:00:00,4561.0
2026-01-17 17:00:00,4662.0
2026-01-17 18:00:00,4715.0
2026-01-17 19:00:00,4726.0
2026-01-17 20:00:00,4695.0
2026-01-17 21:00:00,4643.0
2026-01-17 22:00:00,4650.0
2026-01-17 23:00:00,4652.5
2026-01-18 00:00:00,4655.0
2026-01-18 01:00:00,4653.0
2026-01-18 02:00:00,4648.0
2026-01-18 03:00:00,4662.0
2026-01-18 04:00:00,4666.0
2026-01-18 05:00:00,4667.0
2026-01-18 06:00:00,4665.0
2026-01-18 07:00:00,4656.0
2026-01-18 08:00:00,4695.0
2026-01-18 09:00:00,4701.0
2026-01-18 10:00:00,4515.0
2026-01-18 11:00:00,4424.0
2026-01-18 12:00:00,4422.0
2026-01-18 13:00:00,4493.0
2026-01-18 14:00:00,4577.0
2026-01-18 15:00:00,4578.0
2026-01-18 16:00:00,4597.0
2026-01-18 17:00:00,4690.0
2026-01-18 18:00:00,4734.0
2026-01-18 19:00:00,4730.0
2026-01-18 20:00:00,4721.0
2026-01-18 21:00:00,4632.0
2026-01-18 22:00:00,4644.0
2026-01-18 23:00:00,4642.0
2026-01-19 00:00:00,4649.5
2026-01-19 01:00:00,4657.0
2026-01-19 02:00:00,4651.0
2026-01-19 03:00:00,4614.0
2026-01-19 04:00:00,4646.0
2026-01-19 05:00:00,4650.0
2026-01-19 06:00:00,4549.0
2026-01-19 07:00:00,4330.0
2026-01-19 08:00:00,4268.0
2026-01-19 09:00:00,4519.0
2026-01-19 10:00:00,4506.0
2026-01-19 11:00:00,4421.0
2026-01-19 12:00:00,4423.0
2026-01-19 13:00:00,4437.0
2026-01-19 14:00:00,4385.0
2026-01-19 15:00:00,4471.0
2026-01-19 16:00:00,4521.0
2026-01-19 17:00:00,4675.0
2026-01-19 18:00:00,4734.0
2026-01-19 19:00:00,4729.0
2026-01-19 20:00:00,4701.0
2026-01-19 21:00:00,4648.0
2026-01-19 22:00:00,4623.0
2026-01-19 23:00:00,4625.0
2026-01-20 00:00:00,4707.0
2026-01-20 01:00:00,4726.0
2026-01-20 02:00:00,4715.0
2026-01-20 03:00:00,4626.0
2026-01-20 04:00:00,4691.0
2026-01-20 05:00:00,4729.0
2026-01-20 06:00:00,4731.0
2026-01-20 07:00:00,4593.0
2026-01-20 08:00:00,4604.0
2026-01-20 09:00:00,4553.0
2026-01-20 10:00:00,4472.0
2026-01-20 11:00:00,4391.0
2026-01-20 12:00:00,4418.0
2026-01-20 13:00:00,4368.0
2026-01-20 14:00:00,4398.0
2026-01-20 15:00:00,4435.0
2026-01-20 16:00:00,4449.0
2026-01-20 17:00:00,4618.0
2026-01-20 18:00:00,4637.0
2026-01-20 19:00:00,4617.5
2026-01-20 20:00:00,4598.0
2026-01-20 21:00:00,4498.0
2026-01-20 22:00:00,4546.0
2026-01-20 23:00:00,4621.0
2026-01-21 00:00:00,4654.0
2026-01-21 01:00:00,4700.0
2026-01-21 02:00:00,4689.0
2026-01-21 03:00:00,4702.5
2026-01-21 04:00:00,4716.0
2026-01-21 05:00:00,4702.0
2026-01-21 06:00:00,4729.0
2026-01-21 07:00:00,4726.0
2026-01-21 08:00:00,4717.0
2026-01-21 09:00:00,4626.0
2026-01-21 10:00:00,4561.0
2026-01-21 11:00:00,4496.0
2026-01-21 12:00:00,4431.0
2026-01-21 13:00:00,4366.0
2026-01-21 14:00:00,4301.0
2026-01-21 15:00:00,4236.0
2026-01-21 16:00:00,4381.0
2026-01-21 17:00:00,4616.0
2026-01-21 18:00:00,4681.0
2026-01-21 19:00:00,4720.0
2026-01-21 20:00:00,4601.0
2026-01-21 21:00:00,4532.0
2026-01-21 22:00:00,4545.0
2026-01-21 23:00:00,4587.0
2026-01-22 00:00:00,4635.0
2026-01-22 01:00:00,4652.0
2026-01-22 02:00:00,4633.0
2026-01-22 03:00:00,4609.0
2026-01-22 04:00:00,4579.0
2026-01-22 05:00:00,4589.0
2026-01-22 06:00:00,4617.0
2026-01-22 07:00:00,4681.0
2026-01-22 08:00:00,4572.0
2026-01-22 09:00:00,4524.0
2026-01-22 10:00:00,4359.0
2026-01-22 11:00:00,4300.0
2026-01-22 12:00:00,4233.0
2026-01-22 13:00:00,4231.0
2026-01-22 14:00:00,4224.0
2026-01-22 15:00:00,4268.0
2026-01-22 16:00:00,4302.0
2026-01-22 17:00:00,4552.0
2026-01-22 18:00:00,4574.0
2026-01-22 19:00:00,4618.0
2026-01-22 20:00:00,4531.0
2026-01-22 21:00:00,4452.0
2026-01-22 22:00:00,4401.0
2026-01-22 23:00:00,4529.0
2026-01-23 00:00:00,4581.0
2026-01-23 01:00:00,4582.0
2026-01-23 02:00:00,4579.0
2026-01-23 03:00:00,4689.0
2026-01-23 04:00:00,4741.0
2026-01-23 05:00:00,4795.0
2026-01-23 06:00:00,4936.0
2026-01-23 07:00:00,4938.0
2026-01-23 08:00:00,4876.0
2026-01-23 09:00:00,4716.0
2026-01-23 10:00:00,4337.0
2026-01-23 11:00:00,4422.0
2026-01-23 12:00:00,4378.0
2026-01-23 13:00:00,4470.0
2026-01-23 14:00:00,4487.0
2026-01-23 15:00:00,4544.0
2026-01-23 16:00:00,4515.0
2026-01-23 17:00:00,4617.0
2026-01-23 18:00:00,4712.0
2026-01-23 19:00:00,4660.0
2026-01-23 20:00:00,4648.0
2026-01-23 21:00:00,4581.0
2026-01-23 22:00:00,4582.0
2026-01-23 23:00:00,4584.0
2026-01-24 00:00:00,4585.0
2026-01-24 01:00:00,4583.0
2026-01-24 02:00:00,4576.0
2026-01-24 03:00:00,4587.0
2026-01-24 04:00:00,4608.5
2026-01-24 05:00:00,4630.0
2026-01-24 06:00:00,4660.0
2026-01-24 07:00:00,4650.333333333333
2026-01-24 08:00:00,4640.666666666667
2026-01-24 09:00:00,4631.0
2026-01-24 10:00:00,4454.0
2026-01-24 11:00:00,4354.0
2026-01-24 12:00:00,4357.0
2026-01-24 13:00:00,4360.0
2026-01-24 14:00:00,4355.0
2026-01-24 15:00:00,4357.0
2026-01-24 16:00:00,4367.0
2026-01-24 17:00:00,4530.0
2026-01-24 18:00:00,4655.0
2026-01-24 19:00:00,4649.0
2026-01-24 20:00:00,4567.5
2026-01-24 21:00:00,4486.0
2026-01-24 22:00:00,4432.0
2026-01-24 23:00:00,4428.0
2026-01-25 00:00:00,4468.0
2026-01-25 01:00:00,4501.0
2026-01-25 02:00:00,4497.0
2026-01-25 03:00:00,4495.0
2026-01-25 04:00:00,4539.0
2026-01-25 05:00:00,4573.0
2026-01-25 06:00:00,4636.0
2026-01-25 07:00:00,4647.0
2026-01-25 08:00:00,4654.0
2026-01-25 09:00:00,4614.0
2026-01-25 10:00:00,4472.0
2026-01-25 11:00:00,4351.0
2026-01-25 12:00:00,4361.0
2026-01-25 13:00:00,4378.0
2026-01-25 14:00:00,4430.0
2026-01-25 15:00:00,4433.0
2026-01-25 16:00:00,4436.0
2026-01-25 17:00:00,4572.0
2026-01-25 18:00:00,4627.0
2026-01-25 19:00:00,4649.0
2026-01-25 20:00:00,4611.0
2026-01-25 21:00:00,4524.0
2026-01-25 22:00:00,4510.0
2026-01-25 23:00:00,4523.0
2026-01-26 00:00:00,4581.0
2026-01-26 01:00:00,4576.0
2026-01-26 02:00:00,4579.0
2026-01-26 03:00:00,4582.0
2026-01-26 04:00:00,4527.0
2026-01-26 05:00:00,4539.0
2026-01-26 06:00:00,4586.0
2026-01-26 07:00:00,4585.0
2026-01-26 08:00:00,4583.0
2026-01-26 09:00:00,4537.0
2026-01-26 10:00:00,4377.0
